Air temperature [K],Process temperature [K],Rotational speed [rpm],Torque [Nm],Tool wear [min],Machine failure,Type_H,Type_L,Type_M
0.30346162525415726,0.40867098088156695,-1.7889697181085662,0.5807074375814596,11.383309767435195,0,False,False,True
0.25246567095395467,0.33992207756388854,-4.226647801865078,-0.1882196603517592,11.430441810982602,0,False,True,False
0.25246567095395467,0.40867098088156695,17.181922945192333,0.759772652168648,11.461863173347538,0,True,False,False
0.25246567095395467,0.40867098088156695,5.204229821743125,0.7071064125841808,11.540416579259883,0,False,True,False
0.25246567095395467,0.40867098088156695,-20.478980343686526,-2.0736710374756804,11.571837941624821,0,False,True,False
0.30346162525415726,0.47741988419920617,-5.242644529516582,1.3601677834315722,8.30401625567131,0,False,False,True
0.30346162525415726,0.40867098088156695,-10.58468614784111,-0.04075418951525156,8.351148299218718,0,True,False,False
0.25246567095395467,0.40867098088156695,-6.264544827273287,0.5491076938307797,8.42970170513106,0,False,True,False
0.25246567095395467,0.40867098088156695,13.304959914391029,1.0125706021740897,8.461123067495999,0,False,True,False
0.25246567095395467,0.33992207756388854,-28.100443932747545,-0.39888461868962743,8.492544429860937,0,False,True,False
0.25246567095395467,0.33992207756388854,3.238667648368718,0.30684299174223073,8.523965792225873,0,False,False,True
0.25246567095395467,0.33992207756388854,23.25728093158321,-2.926864118744047,8.57109783577328,1,False,True,False
0.20146971665375205,0.2711731742462103,-1.6980166470942057,2.2554938563675124,8.602519198138218,0,False,True,False
0.20146971665375205,0.2711731742462103,32.12644122548907,-0.3883513707727347,8.633940560503156,0,False,False,True
0.25246567095395467,0.33992207756388854,-9.456297452872967,0.812438891753115,8.681072604050563,0,True,False,False
0.25246567095395467,0.33992207756388854,-1.9236626556844303,0.30684299174223073,8.759626009962906,0,False,True,False
0.30346162525415726,0.33992207756388854,-3.3696695498014884,0.3279094875760179,8.791047372327844,0,False,True,False
0.3544575795543308,0.40867098088156695,4.180761562090162,-0.3146186353544804,8.82246873469278,0,False,False,True
0.3544575795543308,0.47741988419920617,12.812024782223789,0.7071064125841808,8.869600778240187,0,False,False,True
0.40545353385453337,0.5461687875168845,-31.370231255641496,-1.3574101791269284,8.916732821787594,0,False,True,False
0.40545353385453337,0.5461687875168845,32.998586721033064,1.4549670146836127,8.948154184152532,0,False,True,False
0.3544575795543308,0.40867098088156695,17.65316856069943,-0.7780815436977905,8.97957554651747,0,True,False,False
0.3544575795543308,0.33992207756388854,44.063828313904814,-0.71488205619643,9.058128952429813,0,False,True,False
0.3544575795543308,0.40867098088156695,2.002936100892998,-0.15661991660107927,9.089550314794751,0,False,False,True
0.30346162525415726,0.40867098088156695,3.6405216956879363,-2.242203004145975,9.136682358342156,0,False,True,False
0.30346162525415726,0.40867098088156695,-22.61102875688853,0.49644145424631264,9.168103720707094,0,True,False,False
0.30346162525415726,0.47741988419920617,7.579855113283124,-0.04075418951525156,9.24665712661944,0,False,True,False
0.30346162525415726,0.40867098088156695,-5.646853061282189,-0.5463500895261358,9.278078488984375,0,False,True,False
0.30346162525415726,0.40867098088156695,-19.51489402811806,1.0968365855092368,9.309499851349313,0,False,False,True
0.30346162525415726,0.40867098088156695,6.8902915685955595,-0.03022094159835797,9.35663189489672,0,False,True,False
0.3544575795543308,0.5461687875168845,0.31161675578168724,-1.3363436832931415,9.388053257261658,0,False,True,False
0.3544575795543308,0.5461687875168845,-4.663846057016442,0.9599043625896226,9.419474619626595,0,False,True,False
0.3544575795543308,0.6149176908345236,-16.669773979279743,-0.9466135103680854,9.450895981991533,0,False,True,False
0.3544575795543308,0.5461687875168845,-9.913416950598673,0.6755066688335002,9.48231734435647,0,False,False,True
0.30346162525415726,0.40867098088156695,-35.831493470834204,-1.4522094103789693,9.529449387903878,0,True,False,False
0.30346162525415726,0.40867098088156695,19.150231949427614,-0.1882196603517592,9.60800279381622,0,False,True,False
0.3544575795543308,0.40867098088156695,-7.900850669125708,1.3391012875977857,9.639424156181159,0,False,True,False
0.30346162525415726,0.40867098088156695,8.774977005358352,-0.051287437432145144,9.670845518546097,0,False,True,False
0.3544575795543308,0.40867098088156695,31.12378279138065,-0.6095495770274958,9.702266880911035,0,False,True,False
0.30346162525415726,0.33992207756388854,-24.38355487485749,-0.3146186353544804,9.73368824327597,0,True,False,False
0.3544575795543308,0.40867098088156695,4.430008178032088,-1.020346245786339,9.812241649188316,0,False,True,False
0.30346162525415726,0.33992207756388854,5.730023812205861,-0.2408858999362262,9.843663011553254,0,False,True,False
0.30346162525415726,0.33992207756388854,10.540979808253791,-1.062479237453913,9.87508437391819,0,False,True,False
0.3544575795543308,0.40867098088156695,4.924361767326898,-2.200070012478401,9.906505736283128,0,False,False,True
0.3544575795543308,0.40867098088156695,3.5098506650365513,-0.46208410619098805,9.953637779830535,0,False,False,True
0.3544575795543308,0.40867098088156695,19.668919354670717,-1.3047439395424612,10.000769823377942,0,False,False,True
0.3544575795543308,0.33992207756388854,0.517027513580687,-1.8735393270547058,10.047901866925347,0,False,False,True
0.30346162525415726,0.2711731742462103,8.795328605324379,0.2752432479915508,10.095033910472754,0,False,True,False
0.30346162525415726,0.2711731742462103,11.347929236415798,-2.126337277060147,10.126455272837692,0,False,True,False
0.30346162525415726,0.2711731742462103,-26.207721694475566,0.7703059000855408,10.157876635202628,0,False,True,False
0.30346162525415726,0.2711731742462103,-15.01801791932621,0.812438891753115,10.189297997567566,0,False,True,False
0.30346162525415726,0.2711731742462103,26.306484248978602,-0.2408858999362262,10.220719359932504,0,False,True,False
0.30346162525415726,0.2711731742462103,-13.214516231428773,0.29630974382533715,10.252140722297442,0,True,False,False
0.3544575795543308,0.33992207756388854,-20.82420734620471,-0.13555342076729207,10.330694128209785,0,True,False,False
0.3544575795543308,0.33992207756388854,9.707889729599744,0.3279094875760179,10.40924753412213,0,True,False,False
0.40545353385453337,0.40867098088156695,-22.18054847093445,-0.9887465020356588,10.487800940034473,0,False,True,False
0.40545353385453337,0.33992207756388854,17.32757973916173,1.117903081343024,10.519222302399411,0,False,False,True
0.40545353385453337,0.40867098088156695,10.081454488288372,-0.39888461868962743,10.566354345946818,0,False,True,False
0.3544575795543308,0.40867098088156695,12.229873400990684,0.6228404292490332,10.597775708311755,0,False,True,False
0.30346162525415726,0.33992207756388854,-8.16283936329987,-0.6516825686950699,10.629197070676693,0,False,True,False
0.30346162525415726,0.2711731742462103,22.66312462548184,-0.46208410619098805,10.66061843304163,0,True,False,False
0.30346162525415726,0.2711731742462103,-34.8961345696972,1.0231038500909833,10.739171838953975,0,False,True,False
0.30346162525415726,0.2711731742462103,20.947235883104284,1.1705693209274908,10.770593201318912,0,False,False,True
0.3544575795543308,0.2711731742462103,26.76168447034757,1.2337688084288516,10.817725244866319,0,False,True,False
0.40545353385453337,0.33992207756388854,-10.448407738169518,-1.0835457332876999,10.849146607231257,0,False,False,True
0.40545353385453337,0.40867098088156695,1.4341728916821346,1.3601677834315722,10.896278650778662,0,False,True,False
0.40545353385453337,0.47741988419920617,18.570792226386313,-0.39888461868962743,10.9277000131436,0,False,False,True
0.40545353385453337,0.47741988419920617,20.219276223055616,0.2225770084070837,10.974832056691007,0,False,False,True
0.40545353385453337,0.47741988419920617,-26.868884476054852,0.29630974382533715,11.021964100238414,0,False,True,False
0.40545353385453337,0.47741988419920617,9.885020438830779,-0.06182068534903863,11.053385462603352,0,False,True,False
0.3544575795543308,0.47741988419920617,2.2989714648297612,2.213360864699939,11.084806824968288,0,False,True,False
0.3544575795543308,0.40867098088156695,19.044339281866225,0.06457828965368245,11.116228187333226,0,True,False,False
0.3544575795543308,0.40867098088156695,5.548952972193166,0.18044401673951016,11.19478159324557,0,False,False,True
0.3544575795543308,0.40867098088156695,-19.825361176762573,0.33844273549291143,11.241913636792976,0,False,True,False
0.3544575795543308,0.40867098088156695,-4.418593190755952,-0.08288718118282508,11.273334999157914,0,False,False,True
0.3544575795543308,0.33992207756388854,-4.9306962709000866,0.7808391480024344,11.320467042705321,0,False,True,False
0.3544575795543308,0.33992207756388854,-3.298519504163243,-1.9999383020574266,11.351888405070257,0,False,True,False
0.3544575795543308,0.33992207756388854,2.2552780253254383,-0.9466135103680854,11.383309767435195,0,False,False,True
0.3544575795543308,0.33992207756388854,-20.430374070678866,1.328568039680892,11.430441810982602,0,False,True,False
0.3544575795543308,0.33992207756388854,19.135672439810445,0.11724452923814957,11.461863173347538,0,False,True,False
0.3544575795543308,0.2711731742462103,-11.431408049911097,0.7703059000855408,11.493284535712476,0,False,True,False
0.3544575795543308,0.2711731742462103,-27.33784711888796,1.328568039680892,11.524705898077414,0,False,True,False
0.3544575795543308,0.20242427092857102,-27.759606566966443,0.00137880215232186,11.556127260442352,0,False,True,False
0.3544575795543308,0.2711731742462103,-37.32768227150233,2.2976268480350854,11.58754862280729,1,False,True,False
0.30346162525415726,0.20242427092857102,4.437154619874959,-1.6418078728830505,11.618969985172228,0,False,True,False
0.30346162525415726,0.20242427092857102,-26.938850742288157,0.10671128132125599,11.650391347537164,0,False,True,False
0.30346162525415726,0.2711731742462103,20.046432657325983,-2.8004651437413264,11.681812709902102,0,False,True,False
0.30346162525415726,0.20242427092857102,11.406435026638919,-0.9992797499525524,11.71323407226704,1,False,True,False
0.30346162525415726,0.20242427092857102,32.646993883129674,-0.767548295780897,8.30401625567131,0,False,False,True
0.30346162525415726,0.13367536761089277,-11.784018250587671,-0.6200828249443893,8.351148299218718,0,False,True,False
0.30346162525415726,0.13367536761089277,19.62773816446661,0.011912050069215451,8.382569661583656,0,False,False,True
0.30346162525415726,0.13367536761089277,-14.109775098006956,1.1600360730105976,8.42970170513106,0,False,True,False
0.3544575795543308,0.13367536761089277,-12.272213676861021,-0.43048436244030813,8.461123067495999,0,False,True,False
0.3544575795543308,0.20242427092857102,44.93890242825587,1.1284363292599173,8.492544429860937,0,True,False,False
0.30346162525415726,0.13367536761089277,-30.435558387339235,0.6228404292490332,8.57109783577328,0,False,True,False
0.30346162525415726,0.0649264642932535,-5.608264361014886,1.0441703459247695,8.602519198138218,0,False,True,False
0.30346162525415726,0.13367536761089277,-12.754086663724262,0.8229721396700078,8.633940560503156,0,False,True,False
0.30346162525415726,0.13367536761089277,29.15282909561618,1.2969682959302113,8.665361922868094,0,False,False,True
0.3544575795543308,0.13367536761089277,-3.6887861155501143,-0.7780815436977905,8.712493966415499,0,False,True,False
0.3544575795543308,0.13367536761089277,-2.4678477440113813,0.433241966744952,8.743915328780437,0,False,False,True
0.3544575795543308,0.13367536761089277,20.665575396608553,-0.7570150478640042,8.791047372327844,0,False,True,False
0.40545353385453337,0.13367536761089277,35.2187662325106,-1.8103398395533452,8.82246873469278,0,False,True,False
0.40545353385453337,0.20242427092857102,-17.38932143744391,0.2331102563239773,8.853890097057718,0,False,False,True
0.40545353385453337,0.20242427092857102,17.211706398705623,-1.0414127416201258,8.901022140605125,0,True,False,False
0.456449488154707,0.2711731742462103,-6.622547498336996,0.3279094875760179,8.97957554651747,0,False,True,False
0.456449488154707,0.2711731742462103,49.16663341091428,-0.6095495770274958,9.010996908882406,0,False,True,False
0.40545353385453337,0.33992207756388854,-35.570503283136574,-0.10395367701661216,9.042418271247344,0,False,True,False
0.456449488154707,0.33992207756388854,4.193235280874069,0.12777777715504315,9.073839633612282,0,True,False,False
0.40545353385453337,0.33992207756388854,6.653357853440495,-0.4410176103572017,9.152393039524625,0,False,False,True
0.456449488154707,0.33992207756388854,2.373931645308465,0.05404504173678897,9.199525083072032,0,False,True,False
0.40545353385453337,0.2711731742462103,22.65198037892353,-0.4199511145234146,9.23094644543697,0,False,False,True
0.40545353385453337,0.2711731742462103,-34.4462318788197,-0.06182068534903863,9.278078488984375,0,False,False,True
0.456449488154707,0.2711731742462103,-10.04134660136953,0.7387061563348608,9.325210532531782,0,False,True,False
0.456449488154707,0.2711731742462103,-25.544551652841594,-0.767548295780897,9.35663189489672,0,False,True,False
0.456449488154707,0.2711731742462103,-29.76295123752057,0.4016422229942713,9.388053257261658,0,True,False,False
0.5074454424549095,0.40867098088156695,28.80040780333296,1.4339005188498262,9.466606663174002,0,False,False,True
0.5074454424549095,0.33992207756388854,48.21866955521979,-0.71488205619643,9.513738706721409,0,False,True,False
0.456449488154707,0.33992207756388854,25.11081481709052,0.011912050069215451,9.545160069086347,0,False,True,False
0.456449488154707,0.33992207756388854,10.202638291197072,-0.43048436244030813,9.576581431451283,0,False,True,False
0.5074454424549095,0.33992207756388854,27.08364880072131,0.46484171049563194,9.60800279381622,0,False,True,False
0.456449488154707,0.33992207756388854,-10.525259797840821,-2.516067449985204,9.639424156181159,0,False,True,False
0.456449488154707,0.2711731742462103,-58.85885430614331,0.49644145424631264,9.670845518546097,0,False,False,True
0.456449488154707,0.2711731742462103,-23.996192972814676,-1.2836774437086744,9.717977562093502,0,False,True,False
0.456449488154707,0.2711731742462103,-19.70292094022519,0.04351179381989538,9.74939892445844,0,False,False,True
0.40545353385453337,0.20242427092857102,-17.728891813758345,-1.6312746249661572,9.796530968005847,0,False,False,True
0.3544575795543308,0.0649264642932535,8.318805718893074,1.7498979563566286,9.843663011553254,0,False,True,False
0.30346162525415726,-0.003822439024424742,-9.560378597855646,-0.6411493207781764,9.87508437391819,0,False,False,True
0.30346162525415726,-0.003822439024424742,-13.068831125459273,1.4549670146836127,9.922216417465597,0,False,True,False
0.30346162525415726,-0.003822439024424742,-0.4515486339471915,-0.325151883271374,9.953637779830535,0,False,True,False
0.30346162525415726,-0.003822439024424742,-20.380221689022804,-0.9466135103680854,9.985059142195473,0,False,True,False
0.30346162525415726,-0.07257134234210309,-6.692653593365929,0.9283046188389419,10.016480504560409,0,False,True,False
0.25246567095395467,-0.14132024565974236,12.668145403260024,0.46484171049563194,10.047901866925347,0,False,False,True
0.25246567095395467,-0.07257134234210309,-10.414689087705836,0.8335053875869014,10.095033910472754,0,False,True,False
0.25246567095395467,-0.07257134234210309,-50.11493170521349,0.1383110250719359,10.126455272837692,0,False,False,True
0.25246567095395467,-0.003822439024424742,-33.603149160175015,1.0757700896754503,10.173587316385097,0,False,False,True
0.25246567095395467,-0.07257134234210309,1.0549994487348116,0.8756383792544749,10.220719359932504,0,False,True,False
0.25246567095395467,-0.07257134234210309,-19.670600875652564,2.497758558456061,10.252140722297442,0,False,False,True
0.30346162525415726,-0.003822439024424742,-24.015741611743653,0.12777777715504315,10.299272765844847,0,False,False,True
0.30346162525415726,0.0649264642932535,-17.74865185015679,1.0547035938416633,10.346404809392254,0,False,True,False
0.30346162525415726,0.0649264642932535,1.1347880843586584,0.24364350424087003,10.377826171757192,0,False,True,False
0.25246567095395467,-0.07257134234210309,16.729226002329483,0.6860399167503938,10.40924753412213,0,False,True,False
0.20146971665375205,-0.14132024565974236,1.7882150482309216,0.46484171049563194,10.440668896487068,0,False,False,True
0.15047376235357843,-0.2100691489774206,-3.96853842742123,0.1593775209057231,10.487800940034473,0,True,False,False
0.15047376235357843,-0.2100691489774206,1.1798999271877413,-0.9676800062018721,10.566354345946818,0,True,False,False
0.20146971665375205,-0.14132024565974236,14.734353442102485,0.03297854590300179,10.644907751859161,0,False,False,True
0.25246567095395467,-0.003822439024424742,-7.331929393581315,0.4753749584125254,10.692039795406568,0,False,True,False
0.20146971665375205,-0.07257134234210309,-17.173899258631845,-0.8623475270329378,10.723461157771506,0,False,True,False
0.15047376235357843,-0.14132024565974236,-20.633178419321947,0.12777777715504315,10.754882520136443,0,False,True,False
0.15047376235357843,-0.14132024565974236,-25.87625300271543,0.08564478548746891,10.78630388250138,0,False,False,True
0.09947780805337585,-0.14132024565974236,-25.779207912453526,0.19097726465640302,10.833435926048788,0,False,True,False
0.09947780805337585,-0.14132024565974236,-18.511449150203667,0.9809708584234093,10.864857288413726,0,False,True,False
0.09947780805337585,-0.07257134234210309,9.813025472616612,-1.799806591636452,10.896278650778662,0,True,False,False
0.09947780805337585,-0.07257134234210309,-17.327715253510604,-0.3778181228558411,10.974832056691007,0,False,True,False
0.09947780805337585,-0.003822439024424742,-18.2052590322697,0.7703059000855408,11.006253419055945,0,False,True,False
0.15047376235357843,0.0649264642932535,-27.98340519940265,-0.009154445764571625,11.037674781420883,0,False,True,False
0.09947780805337585,-0.07257134234210309,13.865890196941548,-0.9255470145342986,11.069096143785819,0,False,False,True
0.09947780805337585,-0.003822439024424742,13.73067472078919,-0.9782132541187655,11.116228187333226,0,False,False,True
0.09947780805337585,-0.003822439024424742,-0.45693521178169744,0.011912050069215451,11.163360230880633,0,False,True,False
0.09947780805337585,-0.003822439024424742,13.836038118219374,1.4339005188498262,11.19478159324557,0,False,True,False
0.048481853753202325,-0.003822439024424742,-16.440365364898565,0.18044401673951016,11.226202955610507,0,False,True,False
0.09947780805337585,0.0649264642932535,7.351233549011182,0.05404504173678897,11.257624317975445,0,False,False,True
0.09947780805337585,0.13367536761089277,29.694646995785327,0.30684299174223073,11.304756361522852,0,False,True,False
0.09947780805337585,0.13367536761089277,13.358250488643716,0.41217547091116485,11.33617772388779,0,False,True,False
0.048481853753202325,0.0649264642932535,11.125657861218938,-0.07235393326593222,11.367599086252726,0,False,False,True
0.09947780805337585,0.0649264642932535,34.456881974136635,0.42270871882805844,11.414731129800133,0,False,False,True
0.09947780805337585,0.0649264642932535,1.8695890598778804,0.8335053875869014,11.461863173347538,0,False,True,False
0.15047376235357843,0.13367536761089277,-6.259040054289812,0.49644145424631264,11.493284535712476,0,False,False,True
0.15047376235357843,0.20242427092857102,-15.616174443172868,2.1396281292816846,11.540416579259883,1,False,True,False
0.15047376235357843,0.20242427092857102,-14.538624175296507,-1.1046122291214864,8.30401625567131,0,False,True,False
0.15047376235357843,0.13367536761089277,-17.91200631530545,1.2969682959302113,8.335437618036249,0,False,True,False
0.15047376235357843,0.13367536761089277,-24.950722893876325,-0.051287437432145144,8.366858980401187,0,False,False,True
0.09947780805337585,0.13367536761089277,-0.4972413567672478,1.2127023125950644,8.413991023948592,0,False,False,True
0.048481853753202325,0.0649264642932535,42.551443056905605,0.6965731646672874,8.461123067495999,0,False,False,True
0.048481853753202325,0.0649264642932535,-0.3770465929235497,-0.9676800062018721,8.508255111043406,0,False,True,False
0.09947780805337585,0.13367536761089277,-6.23902063722623,0.896704875088262,8.539676473408342,0,False,True,False
0.048481853753202325,0.0649264642932535,11.915266099736249,0.37004247924359135,8.57109783577328,0,False,True,False
0.048481853753202325,0.0649264642932535,21.95474542292737,-0.8834140228667247,8.602519198138218,0,False,True,False
0.09947780805337585,0.13367536761089277,1.103536000053932,1.0125706021740897,8.633940560503156,0,False,True,False
0.09947780805337585,0.13367536761089277,1.6671293065811015,-0.8939472707836182,8.665361922868094,0,False,True,False
0.09947780805337585,0.0649264642932535,3.9473759976983227,0.24364350424087003,8.696783285233032,0,False,True,False
0.09947780805337585,0.13367536761089277,-18.629527348072266,-1.020346245786339,8.728204647597968,0,False,False,True
0.09947780805337585,0.20242427092857102,12.949765131607455,1.275901800096425,8.775336691145375,0,False,True,False
0.15047376235357843,0.20242427092857102,33.78963802524237,-2.4423347145669494,8.806758053510313,0,False,True,False
0.09947780805337585,0.20242427092857102,-0.7490844407111742,1.1495028250937038,8.83817941587525,0,False,True,False
0.09947780805337585,0.20242427092857102,-1.1806882076614316,-0.409417866606521,8.869600778240187,0,False,False,True
0.15047376235357843,0.2711731742462103,17.63280639860164,-1.136211972872167,8.916732821787594,0,False,True,False
0.20146971665375205,0.33992207756388854,28.970246425910496,-0.9044805187005117,8.948154184152532,0,False,False,True
0.20146971665375205,0.33992207756388854,3.1326731080960624,1.5076332542680797,8.995286227699937,0,False,True,False
0.20146971665375205,0.2711731742462103,-41.31181076549437,1.7709644521904149,9.026707590064875,0,False,True,False
0.20146971665375205,0.2711731742462103,-9.378214200973408,0.6649734209166066,9.058128952429813,0,False,True,False
0.15047376235357843,0.20242427092857102,27.446988144123274,0.6649734209166066,9.089550314794751,0,False,True,False
0.15047376235357843,0.20242427092857102,39.65938952716233,-0.6200828249443893,9.120971677159687,0,False,True,False
0.09947780805337585,0.13367536761089277,5.661606196735136,0.4016422229942713,9.152393039524625,0,False,False,True
0.048481853753202325,0.0649264642932535,1.1800467120264604,2.603091037624995,9.199525083072032,0,False,True,False
0.048481853753202325,0.0649264642932535,-15.975392356649863,1.328568039680892,9.23094644543697,0,False,True,False
0.048481853753202325,0.0649264642932535,39.92695735327367,0.9809708584234093,9.262367807801908,0,False,False,True
0.048481853753202325,0.0649264642932535,25.415396975164207,0.2857764959084444,9.309499851349313,0,True,False,False
-0.002514100547000166,-0.003822439024424742,-4.571929577244676,0.19097726465640302,9.388053257261658,0,False,True,False
-0.002514100547000166,-0.07257134234210309,13.46006129435698,-0.5779498332768158,9.419474619626595,0,False,False,True
-0.002514100547000166,-0.07257134234210309,15.083563345649264,0.14884427298882952,9.466606663174002,0,False,True,False
-0.002514100547000166,-0.07257134234210309,-4.848145778254072,-0.6938155603626435,9.49802802553894,0,False,True,False
-0.002514100547000166,-0.14132024565974236,31.476829217690998,0.06457828965368245,9.529449387903878,0,False,True,False
-0.002514100547000166,-0.2100691489774206,-20.467402884554737,2.3081600959519792,9.560870750268815,0,False,True,False
-0.10450600914737639,-0.27881805229505985,-8.029202022432814,0.844038635503795,9.592292112633752,0,False,False,True
-0.10450600914737639,-0.27881805229505985,-6.406019716918167,0.18044401673951016,9.639424156181159,0,False,True,False
-0.10450600914737639,-0.2100691489774206,7.043523141734347,-0.04075418951525156,9.670845518546097,0,False,True,False
-0.10450600914737639,-0.2100691489774206,13.334570810650524,1.2548353042626381,9.702266880911035,0,False,True,False
-0.15550196344757897,-0.27881805229505985,-24.822328873370395,-0.5884830811937094,9.73368824327597,0,False,False,True
-0.10450600914737639,-0.2100691489774206,2.55715620856328,-1.14674522078906,9.780820286823378,0,False,True,False
-0.10450600914737639,-0.2100691489774206,16.512089227982937,-0.6095495770274958,9.812241649188316,0,False,True,False
-0.10450600914737639,-0.27881805229505985,-17.590524987246795,1.0757700896754503,9.843663011553254,0,False,False,True
-0.10450600914737639,-0.2100691489774206,-1.7354112750217885,0.03297854590300179,9.890795055100659,0,False,True,False
-0.10450600914737639,-0.2100691489774206,9.341325215951052,-1.2099447082904207,9.922216417465597,0,False,False,True
-0.10450600914737639,-0.14132024565974236,-0.12256524989658346,0.5491076938307797,9.969348461013004,0,False,False,True
-0.05351005484720276,-0.14132024565974236,0.15464829921356998,0.12777777715504315,10.016480504560409,0,False,False,True
-0.05351005484720276,-0.14132024565974236,6.902273711862727,0.812438891753115,10.063612548107816,0,False,True,False
-0.002514100547000166,-0.07257134234210309,8.404324705796604,-1.2520776999579943,10.095033910472754,0,False,False,True
-0.05351005484720276,-0.14132024565974236,-0.09361112597288346,-1.241544452041101,10.142165954020161,0,False,True,False
-0.05351005484720276,-0.14132024565974236,-0.07795160716356075,0.9177713709220491,10.173587316385097,0,True,False,False
-0.10450600914737639,-0.2100691489774206,-5.7468309723192235,-0.2408858999362262,10.252140722297442,0,False,False,True
-0.10450600914737639,-0.2100691489774206,-11.335678318994562,0.2752432479915508,10.299272765844847,0,False,True,False
-0.15550196344757897,-0.27881805229505985,-5.170823762332469,1.0125706021740897,10.330694128209785,0,True,False,False
-0.10450600914737639,-0.2100691489774206,-5.107723384925655,2.287093600118193,10.40924753412213,0,False,False,True
-0.10450600914737639,-0.27881805229505985,-11.661506987331993,1.2232355605119583,10.456379577669535,0,False,True,False
-0.10450600914737639,-0.27881805229505985,9.988257678636396,-0.9466135103680854,10.487800940034473,0,False,True,False
-0.10450600914737639,-0.2100691489774206,34.27754165392268,-1.9156723187222793,10.519222302399411,0,False,False,True
-0.15550196344757897,-0.27881805229505985,-24.486195273005865,1.191635816761277,10.566354345946818,0,False,True,False
-0.15550196344757897,-0.27881805229505985,29.90129142211803,-1.3574101791269284,10.597775708311755,0,False,True,False
-0.10450600914737639,-0.2100691489774206,6.584064900196565,0.7808391480024344,10.629197070676693,0,True,False,False
-0.10450600914737639,-0.14132024565974236,23.340408187851683,-0.6938155603626435,10.707750476589037,0,False,True,False
-0.10450600914737639,-0.14132024565974236,-9.663026784405009,-0.06182068534903863,10.739171838953975,0,False,True,False
-0.10450600914737639,-0.07257134234210309,-35.860324876424166,-0.35675162702205393,10.770593201318912,0,False,True,False
-0.05351005484720276,-0.07257134234210309,15.866147878382971,0.2225770084070837,10.80201456368385,0,False,False,True
-0.05351005484720276,-0.003822439024424742,13.359749052808706,0.6228404292490332,10.849146607231257,0,False,True,False
-0.10450600914737639,-0.003822439024424742,-20.450347348415377,0.8545718834206886,10.880567969596195,0,False,False,True
-0.10450600914737639,-0.003822439024424742,13.03916658976447,1.4549670146836127,10.9277000131436,0,False,True,False
-0.10450600914737639,-0.003822439024424742,24.66154514774186,-0.3040853874375869,10.959121375508538,0,False,False,True
-0.10450600914737639,-0.003822439024424742,-2.1432634811080673,-0.6622158166119628,11.006253419055945,0,False,False,True
-0.10450600914737639,-0.003822439024424742,-9.716316617216915,-0.4199511145234146,11.053385462603352,0,False,True,False
-0.10450600914737639,0.0649264642932535,10.406475059152843,0.2120437604901901,11.084806824968288,0,False,True,False
-0.05351005484720276,0.0649264642932535,-12.41172153081272,1.7182982126059478,11.116228187333226,0,False,False,True
-0.05351005484720276,-0.003822439024424742,9.011056368499242,0.2225770084070837,11.163360230880633,0,False,False,True
-0.05351005484720276,0.0649264642932535,15.482359037746761,1.202169064678171,11.210492274428038,0,True,False,False
-0.002514100547000166,0.13367536761089277,-14.393283955811953,1.1811025688443844,11.289045680340383,0,False,False,True
-0.002514100547000166,0.13367536761089277,9.236048340978696,-1.3784766749607154,11.33617772388779,0,False,True,False
-0.002514100547000166,0.0649264642932535,3.3302605573978807,-0.5674165853599222,11.367599086252726,0,False,True,False
-0.05351005484720276,0.0649264642932535,-19.73847617590191,-1.14674522078906,11.399020448617664,0,False,True,False
-0.002514100547000166,0.0649264642932535,2.6442286003682707,1.4233672709329328,11.430441810982602,0,False,False,True
-0.002514100547000166,0.0649264642932535,-46.3788400587912,-1.2626109478748875,11.477573854530009,0,False,True,False
-0.05351005484720276,-0.003822439024424742,-9.662516252985256,0.49644145424631264,11.508995216894945,0,False,True,False
0.048481853753202325,0.13367536761089277,5.6710717544770795,0.2120437604901901,11.540416579259883,0,False,False,True
0.09947780805337585,0.20242427092857102,-0.966837982328013,0.011912050069215451,11.58754862280729,0,False,False,True
0.09947780805337585,0.2711731742462103,28.066992946962866,0.30684299174223073,11.634680666354697,0,True,False,False
0.15047376235357843,0.33992207756388854,-27.93514841255048,-0.09342042909971857,11.71323407226704,0,False,True,False
0.15047376235357843,0.2711731742462103,15.194601350053379,-0.2619523957700134,11.744655434631978,0,False,True,False
0.09947780805337585,0.20242427092857102,-34.70498487620832,-1.11514547703838,11.776076796996914,0,False,False,True
0.09947780805337585,0.20242427092857102,20.505692480160814,0.2647100000746572,8.30401625567131,0,True,False,False
0.09947780805337585,0.2711731742462103,6.225008217885473,0.19097726465640302,8.382569661583656,0,False,True,False
0.15047376235357843,0.2711731742462103,5.167246822426882,-1.4838091541296494,8.413991023948592,0,False,True,False
0.20146971665375205,0.33992207756388854,-20.670620996368974,0.3173762396591243,8.44541238631353,0,False,False,True
0.20146971665375205,0.33992207756388854,10.668788710083108,-2.6845994166554985,8.492544429860937,0,False,True,False
0.20146971665375205,0.33992207756388854,-6.909560453443651,-1.5680751374647965,8.523965792225873,0,False,True,False
0.20146971665375205,0.40867098088156695,21.060105950143043,-0.46208410619098805,8.555387154590811,0,False,False,True
0.20146971665375205,0.40867098088156695,3.3890612712305765,0.7281729084179673,8.602519198138218,0,False,True,False
0.20146971665375205,0.40867098088156695,-17.035261367201073,0.517507950080099,8.633940560503156,0,False,False,True
0.20146971665375205,0.40867098088156695,-9.196800540187256,0.9177713709220491,8.681072604050563,0,False,True,False
0.20146971665375205,0.33992207756388854,-2.219977264413459,-0.7570150478640042,8.712493966415499,0,False,True,False
0.25246567095395467,0.33992207756388854,3.992949218513038,-1.3995431707945025,8.743915328780437,0,False,True,False
0.25246567095395467,0.40867098088156695,8.79067461700984,-0.39888461868962743,8.775336691145375,0,False,True,False
0.20146971665375205,0.33992207756388854,38.66449793187195,-0.6938155603626435,8.806758053510313,0,False,False,True
0.09947780805337585,0.2711731742462103,-3.994770878949271,-1.4943424020465428,8.853890097057718,0,False,True,False
0.15047376235357843,0.2711731742462103,-2.3510895459916283,1.0231038500909833,8.885311459422656,0,False,False,True
0.09947780805337585,0.20242427092857102,9.231524320377515,2.0553621459465377,8.932443502970063,0,False,True,False
0.09947780805337585,0.20242427092857102,4.662190637160878,-1.136211972872167,8.963864865335001,0,False,False,True
0.09947780805337585,0.20242427092857102,-1.556501813563791,-0.19875290826865277,9.010996908882406,0,False,False,True
0.09947780805337585,0.20242427092857102,11.163988117763699,-0.13555342076729207,9.058128952429813,0,False,True,False
0.048481853753202325,0.20242427092857102,-0.552758238566751,0.9283046188389419,9.089550314794751,0,False,False,True
0.048481853753202325,0.13367536761089277,28.0568232293464,1.4971000063511868,9.136682358342156,0,False,True,False
-0.002514100547000166,0.0649264642932535,-17.17937818236374,-1.188878212456634,9.168103720707094,0,True,False,False
-0.002514100547000166,0.0649264642932535,-12.386608924065497,0.09617803340436248,9.24665712661944,0,False,True,False
-0.05351005484720276,0.13367536761089277,-28.942516031589847,3.119220185552772,9.278078488984375,1,False,True,False
-0.002514100547000166,0.13367536761089277,0.5746889539965969,-1.0835457332876999,9.309499851349313,0,False,True,False
-0.002514100547000166,0.13367536761089277,-10.848686913775115,-0.3778181228558411,9.340921213714251,0,False,True,False
-0.002514100547000166,0.13367536761089277,-38.0796794400594,1.9710961626113903,9.37234257607919,0,False,False,True
0.048481853753202325,0.20242427092857102,-23.093195459493153,1.8025641959410958,9.419474619626595,0,False,False,True
0.09947780805337585,0.2711731742462103,2.4296612104886504,2.287093600118193,9.466606663174002,0,False,False,True
0.048481853753202325,0.2711731742462103,35.816025007769504,-0.3040853874375869,9.513738706721409,0,False,False,True
0.09947780805337585,0.2711731742462103,-22.05434046946158,-0.4515508582740945,9.560870750268815,0,False,False,True
0.09947780805337585,0.40867098088156695,24.9049743517666,-2.0210047978912136,9.60800279381622,0,False,False,True
0.15047376235357843,0.40867098088156695,1.4098134469429893,1.4549670146836127,9.655134837363628,0,False,True,False
0.15047376235357843,0.40867098088156695,16.20630052545212,-1.6418078728830505,9.686556199728566,0,False,True,False
0.09947780805337585,0.33992207756388854,-31.870904916577064,0.7071064125841808,9.717977562093502,0,False,True,False
0.048481853753202325,0.2711731742462103,-23.649566008172464,-0.19875290826865277,9.74939892445844,0,False,False,True
0.048481853753202325,0.33992207756388854,-12.72018876880669,-1.136211972872167,9.796530968005847,0,False,True,False
0.048481853753202325,0.40867098088156695,-0.22007149879291998,-1.652341120799944,9.827952330370785,0,False,True,False
0.048481853753202325,0.33992207756388854,3.797467204904554,1.8341639396917757,9.859373692735723,0,False,False,True
-0.002514100547000166,0.2711731742462103,-16.05781801347997,-1.9051390708053857,9.906505736283128,0,True,False,False
0.048481853753202325,0.33992207756388854,-38.010342161661725,-0.01968769368146511,9.985059142195473,0,False,True,False
0.048481853753202325,0.33992207756388854,-9.50152315957369,-0.4199511145234146,10.016480504560409,0,False,True,False
0.048481853753202325,0.33992207756388854,40.91001723603464,1.1495028250937038,10.047901866925347,0,False,True,False
0.09947780805337585,0.40867098088156695,-1.3588582201347617,0.24364350424087003,10.079323229290285,0,False,True,False
0.048481853753202325,0.2711731742462103,-24.64475608607735,-0.06182068534903863,10.110744591655223,0,False,True,False
0.048481853753202325,0.33992207756388854,36.75136107529704,0.4437752146618455,10.142165954020161,0,False,True,False
0.048481853753202325,0.40867098088156695,2.7500981086917116,0.5701741896645661,10.173587316385097,0,False,True,False
0.048481853753202325,0.33992207756388854,23.999917994952025,0.45430846257873836,10.205008678750035,0,False,True,False
-0.002514100547000166,0.33992207756388854,-6.171441991526118,-1.5048756499634361,10.236430041114973,0,False,False,True
0.048481853753202325,0.33992207756388854,-31.902332953953387,0.6123071813321396,10.28356208466238,0,False,True,False
-0.002514100547000166,0.2711731742462103,0.5848253397707567,1.275901800096425,10.314983447027316,0,False,False,True
-0.002514100547000166,0.2711731742462103,-26.2790319315992,0.9599043625896226,10.362115490574723,0,False,True,False
-0.002514100547000166,0.2711731742462103,-15.423349230789151,0.517507950080099,10.393536852939661,0,False,True,False
-0.002514100547000166,0.33992207756388854,-33.99755735478881,-0.68328231244575,10.4249582153046,0,False,True,False
-0.002514100547000166,0.33992207756388854,-19.390292042442233,-0.34621837910516035,10.456379577669535,0,True,False,False
-0.002514100547000166,0.33992207756388854,-28.175274050549586,1.3075015438471052,10.53493298358188,0,False,True,False
-0.05351005484720276,0.2711731742462103,18.218759767501158,-0.16715316451797285,10.566354345946818,0,False,True,False
-0.05351005484720276,0.20242427092857102,-3.302173266136294,1.4023007750991454,10.597775708311755,0,False,True,False
-0.05351005484720276,0.2711731742462103,-8.399403916617514,1.0547035938416633,10.629197070676693,0,False,True,False
-0.05351005484720276,0.2711731742462103,10.204395530318646,0.7387061563348608,10.66061843304163,0,False,True,False
-0.05351005484720276,0.20242427092857102,-30.812802154920533,-1.14674522078906,10.692039795406568,0,False,True,False
-0.05351005484720276,0.20242427092857102,-14.402689305175679,0.41217547091116485,10.723461157771506,0,True,False,False
-0.10450600914737639,0.13367536761089277,15.412194420671055,-0.767548295780897,10.80201456368385,0,False,True,False
-0.10450600914737639,0.13367536761089277,25.552539516634305,1.0231038500909833,10.833435926048788,0,True,False,False
-0.10450600914737639,0.13367536761089277,-24.087703247002302,-1.7366071041350912,10.91198933196113,0,False,True,False
-0.10450600914737639,0.13367536761089277,3.6971376870568777,-0.7043488082795372,10.943410694326069,0,True,False,False
-0.05351005484720276,0.13367536761089277,28.5316753108934,0.6649734209166066,11.021964100238414,0,False,True,False
-0.05351005484720276,0.2711731742462103,13.708997107588107,-1.4100764187113954,11.053385462603352,0,False,False,True
-0.05351005484720276,0.2711731742462103,-8.311212925445679,0.6017739334152468,11.100517506150757,0,False,True,False
-0.05351005484720276,0.33992207756388854,-26.8303945451889,1.3601677834315722,11.131938868515695,0,False,False,True
-0.05351005484720276,0.33992207756388854,-5.911296562139471,-0.06182068534903863,11.179070912063102,0,False,False,True
-0.002514100547000166,0.33992207756388854,-15.13710390911578,0.2331102563239773,11.226202955610507,0,False,True,False
-0.05351005484720276,0.2711731742462103,-30.819875261134154,-0.5990163291106029,11.257624317975445,0,False,False,True
-0.10450600914737639,0.13367536761089277,8.50372647361376,-0.35675162702205393,11.304756361522852,0,True,False,False
-0.10450600914737639,0.20242427092857102,16.86798194914079,-0.6095495770274958,11.383309767435195,0,False,True,False
-0.10450600914737639,0.20242427092857102,-35.88483528389705,-1.7155406083013045,11.414731129800133,0,False,False,True
-0.05351005484720276,0.2711731742462103,-13.464037530774956,1.4023007750991454,11.461863173347538,0,False,False,True
-0.10450600914737639,0.2711731742462103,-1.8518809536218552,-1.020346245786339,11.508995216894945,0,False,True,False
-0.05351005484720276,0.2711731742462103,-24.187794617615307,1.0441703459247695,11.540416579259883,0,False,True,False
-0.05351005484720276,0.33992207756388854,10.471581283741545,0.29630974382533715,11.571837941624821,0,True,False,False
-0.05351005484720276,0.33992207756388854,-8.465070853027552,-0.7570150478640042,11.650391347537164,0,False,True,False
-0.10450600914737639,0.33992207756388854,2.62688303365123,-0.12502017285039935,11.681812709902102,0,False,True,False
-0.10450600914737639,0.2711731742462103,-16.608829550143778,-0.3778181228558411,8.30401625567131,0,False,True,False
-0.15550196344757897,0.20242427092857102,21.689481719021288,0.6965731646672874,8.335437618036249,0,False,True,False
-0.15550196344757897,0.20242427092857102,27.55211106243992,-0.2408858999362262,8.366858980401187,0,False,True,False
-0.15550196344757897,0.20242427092857102,0.3994177618684483,-0.5779498332768158,8.398280342766125,0,False,False,True
-0.20649791774775259,0.13367536761089277,-31.749398463869813,0.844038635503795,8.44541238631353,0,False,True,False
-0.20649791774775259,0.0649264642932535,5.4548762194725935,1.0336370980078762,8.476833748678468,0,False,True,False
-0.20649791774775259,0.13367536761089277,-27.419889547879038,2.1606946251154717,8.508255111043406,0,False,True,False
-0.20649791774775259,0.13367536761089277,27.541797250239956,0.7387061563348608,8.539676473408342,0,False,True,False
-0.20649791774775259,0.13367536761089277,-5.788688297242862,-0.35675162702205393,8.57109783577328,0,False,True,False
-0.15550196344757897,0.20242427092857102,24.945281836874617,0.04351179381989538,8.602519198138218,0,True,False,False
-0.15550196344757897,0.13367536761089277,-2.468513572105614,-0.3672848749389475,8.681072604050563,0,False,True,False
-0.15550196344757897,0.13367536761089277,9.187653357803514,-0.051287437432145144,8.712493966415499,0,False,True,False
-0.15550196344757897,0.13367536761089277,-16.050071836504294,0.3595092313266978,8.743915328780437,0,False,True,False
-0.15550196344757897,0.13367536761089277,1.274223709175913,0.29630974382533715,8.775336691145375,0,False,False,True
-0.10450600914737639,0.20242427092857102,36.1189009815082,-1.0098129978694461,8.82246873469278,0,False,True,False
-0.15550196344757897,0.20242427092857102,-7.167262304602229,0.812438891753115,8.853890097057718,0,False,False,True
-0.20649791774775259,0.13367536761089277,-37.24033569739913,-0.6200828249443893,8.901022140605125,0,False,True,False
-0.20649791774775259,0.13367536761089277,20.163023895896792,1.1811025688443844,8.932443502970063,0,False,True,False
-0.20649791774775259,0.0649264642932535,-1.2600002799358556,0.30684299174223073,8.963864865335001,0,False,True,False
-0.2574938720479552,0.0649264642932535,5.92858958829992,-0.8939472707836182,8.995286227699937,0,False,False,True
-0.30848982634815775,-0.003822439024424742,-29.308601568233804,0.33844273549291143,9.042418271247344,0,False,False,True
-0.2574938720479552,0.0649264642932535,15.78975682863681,-0.5042170978585616,9.089550314794751,0,False,True,False
-0.2574938720479552,-0.003822439024424742,-21.390913347723448,-0.15661991660107927,9.120971677159687,0,False,True,False
-0.2574938720479552,-0.003822439024424742,-9.785798169397696,-0.5147503457754552,9.152393039524625,0,False,True,False
-0.2574938720479552,-0.003822439024424742,-6.208508038601683,0.9388378667558356,9.183814401889563,0,False,True,False
-0.2574938720479552,-0.07257134234210309,0.942591353198764,1.2337688084288516,9.215235764254501,0,False,True,False
-0.20649791774775259,0.0649264642932535,16.76155398552127,-2.0631377895587875,9.24665712661944,0,False,True,False
-0.20649791774775259,0.0649264642932535,7.858686963818201,-0.3356851311882676,9.278078488984375,0,True,False,False
-0.2574938720479552,0.0649264642932535,-23.82104714383708,2.2238941126168323,9.35663189489672,0,False,False,True
-0.20649791774775259,0.13367536761089277,12.279818867470755,-1.0519459895370193,9.403763938444127,0,False,False,True
-0.20649791774775259,0.0649264642932535,12.054516758926937,-1.094078981204593,9.450895981991533,0,False,False,True
-0.20649791774775259,0.0649264642932535,19.3764949787092,0.6439069250828203,9.49802802553894,0,False,False,True
-0.20649791774775259,0.13367536761089277,-34.2890843847585,0.42270871882805844,9.545160069086347,0,False,True,False
-0.20649791774775259,0.13367536761089277,26.940120218881127,0.2857764959084444,9.576581431451283,0,False,True,False
-0.20649791774775259,0.0649264642932535,-23.028990714842134,-0.20928615618554636,9.60800279381622,0,False,True,False
-0.2574938720479552,-0.003822439024424742,-7.322118106381762,1.0968365855092368,9.639424156181159,0,False,True,False
-0.30848982634815775,-0.07257134234210309,-6.417027594490808,0.06457828965368245,9.670845518546097,0,False,False,True
-0.2574938720479552,-0.003822439024424742,-18.490791276166565,0.3279094875760179,9.717977562093502,0,False,True,False
-0.2574938720479552,-0.003822439024424742,11.981818217676645,1.3391012875977857,9.74939892445844,0,False,True,False
-0.2574938720479552,-0.003822439024424742,-16.595602052613916,1.3075015438471052,9.780820286823378,0,False,True,False
-0.20649791774775259,0.0649264642932535,0.7917498425691887,0.9177713709220491,9.812241649188316,0,False,False,True
-0.20649791774775259,0.13367536761089277,7.055353978018658,-1.5996748812154764,9.859373692735723,0,False,True,False
-0.15550196344757897,0.20242427092857102,-6.498353265888034,0.3279094875760179,9.890795055100659,0,False,True,False
-0.10450600914737639,0.2711731742462103,2.8587683887590702,-1.2310112041242074,9.922216417465597,0,False,True,False
-0.15550196344757897,0.2711731742462103,0.5535102458201566,0.4753749584125254,9.953637779830535,0,False,False,True
-0.15550196344757897,0.2711731742462103,16.0597245614187,-0.39888461868962743,10.000769823377942,0,False,True,False
-0.10450600914737639,0.33992207756388854,27.377203305074616,1.4655002626005063,10.032191185742878,0,False,False,True
-0.10450600914737639,0.40867098088156695,-28.330368231120527,-0.8623475270329378,10.079323229290285,0,False,False,True
-0.10450600914737639,0.40867098088156695,-22.770040110189736,0.48590820632941906,10.126455272837692,0,True,False,False
-0.10450600914737639,0.40867098088156695,-20.29153599953538,-0.9150137666174049,10.205008678750035,0,False,False,True
-0.10450600914737639,0.40867098088156695,0.0859618394254743,-0.7886147916146842,10.252140722297442,0,False,True,False
-0.15550196344757897,0.33992207756388854,-20.725694940920587,0.12777777715504315,10.28356208466238,0,False,False,True
-0.15550196344757897,0.40867098088156695,16.321735429694904,-0.9150137666174049,10.330694128209785,0,False,True,False
-0.15550196344757897,0.33992207756388854,31.065331753520432,-0.07235393326593222,10.362115490574723,0,False,False,True
-0.15550196344757897,0.33992207756388854,11.696156374085781,-0.4831506020247752,10.40924753412213,0,False,False,True
-0.15550196344757897,0.40867098088156695,-14.804357557462257,-0.20928615618554636,10.456379577669535,0,False,True,False
-0.15550196344757897,0.40867098088156695,0.6750098368732969,-0.20928615618554636,10.487800940034473,0,False,False,True
-0.15550196344757897,0.40867098088156695,28.748693319904163,-0.5147503457754552,10.53493298358188,0,False,True,False
-0.15550196344757897,0.40867098088156695,-12.84843211072545,-1.4627426582958625,10.566354345946818,0,False,True,False
-0.15550196344757897,0.47741988419920617,-17.178200880531605,-0.23035265201933344,10.597775708311755,0,False,False,True
-0.20649791774775259,0.40867098088156695,8.465069385018191,-0.5147503457754552,10.644907751859161,0,False,True,False
-0.20649791774775259,0.40867098088156695,9.110789970756247,-0.6095495770274958,10.6763291142241,0,False,False,True
-0.10450600914737639,0.5461687875168845,-27.249740136613923,1.2548353042626381,10.723461157771506,0,False,True,False
-0.10450600914737639,0.5461687875168845,20.801910369264807,0.37004247924359135,10.754882520136443,0,False,False,True
-0.10450600914737639,0.5461687875168845,-5.729403260627412,0.9072381230051556,10.80201456368385,0,False,True,False
-0.10450600914737639,0.5461687875168845,27.787376651482298,-0.820214535365364,10.833435926048788,0,False,True,False
-0.10450600914737639,0.5461687875168845,25.166410704707893,-0.5042170978585616,10.864857288413726,0,False,False,True
-0.10450600914737639,0.6149176908345236,6.694062649252876,0.07511153757057605,10.91198933196113,0,False,True,False
-0.10450600914737639,0.6149176908345236,-22.85656932915343,0.759772652168648,10.943410694326069,0,True,False,False
-0.05351005484720276,0.6149176908345236,-4.726436070348897,1.1705693209274908,11.021964100238414,0,False,True,False
-0.10450600914737639,0.6149176908345236,9.762739206536223,-2.3580687312318025,11.053385462603352,0,False,True,False
-0.05351005484720276,0.683666594152202,-19.835098440874575,-1.3047439395424612,11.084806824968288,0,False,True,False
-0.002514100547000166,0.7524154974698803,-8.831445037368878,0.8229721396700078,11.116228187333226,0,False,True,False
-0.002514100547000166,0.683666594152202,24.28499665904646,-0.6727490645288564,11.147649549698164,0,False,True,False
0.048481853753202325,0.7524154974698803,-31.902414148097243,-0.5042170978585616,11.179070912063102,0,False,False,True
0.048481853753202325,0.7524154974698803,38.513505626488815,-0.6938155603626435,11.226202955610507,0,False,True,False
0.048481853753202325,0.8211644007875195,1.8637443566741165,-0.09342042909971857,11.257624317975445,0,False,True,False
0.048481853753202325,0.8211644007875195,-17.41264178113834,0.2541767521577636,11.289045680340383,0,False,False,True
0.048481853753202325,0.8899133041051979,22.384218499724863,0.10671128132125599,11.33617772388779,0,False,False,True
0.09947780805337585,0.9586622074228371,-12.58737498643026,-0.03022094159835797,11.383309767435195,0,False,False,True
0.048481853753202325,0.9586622074228371,-28.43303295433493,-0.39888461868962743,11.430441810982602,0,False,True,False
0.048481853753202325,0.8899133041051979,10.5299393104445,0.00137880215232186,11.461863173347538,0,False,True,False
0.048481853753202325,0.9586622074228371,-40.79702577011931,0.896704875088262,11.493284535712476,0,False,False,True
-0.002514100547000166,0.8211644007875195,-24.955348955442844,0.433241966744952,11.540416579259883,0,False,True,False
-0.002514100547000166,0.8899133041051979,-2.081336985787324,0.7703059000855408,11.571837941624821,0,False,True,False
0.048481853753202325,0.9586622074228371,-29.053828986292245,-1.073012485370806,11.60325930398976,0,False,False,True
-0.002514100547000166,0.9586622074228371,7.972499827559006,-1.6734076166337306,11.650391347537164,0,False,False,True
-0.002514100547000166,0.9586622074228371,-20.582041771906677,-1.1572784687059539,11.697523391084571,1,False,False,True
-0.002514100547000166,0.9586622074228371,16.89670531396184,-0.8518142791160447,8.30401625567131,0,False,True,False
-0.002514100547000166,0.9586622074228371,13.893745474843298,-1.7576735999688782,8.335437618036249,0,False,False,True
-0.002514100547000166,0.9586622074228371,-4.224443561352662,-0.6727490645288564,8.382569661583656,0,False,True,False
-0.002514100547000166,0.9586622074228371,-0.9690873386926897,0.6439069250828203,8.413991023948592,0,False,False,True
-0.002514100547000166,0.9586622074228371,-22.03838227421659,2.2976268480350854,8.461123067495999,0,False,False,True
0.048481853753202325,0.9586622074228371,-9.681293580102764,0.3279094875760179,8.508255111043406,0,False,True,False
0.048481853753202325,0.9586622074228371,-0.5531223705250388,-1.9051390708053857,8.539676473408342,0,False,False,True
-0.002514100547000166,0.9586622074228371,-26.935429290504647,-0.1882196603517592,8.586808516955749,0,False,True,False
-0.05351005484720276,0.8899133041051979,-7.776496650189356,0.07511153757057605,8.618229879320687,0,False,True,False
-0.002514100547000166,0.9586622074228371,-12.000358218921273,0.12777777715504315,8.649651241685625,0,False,True,False
-0.10450600914737639,0.8899133041051979,8.653468649037888,-1.0519459895370193,8.681072604050563,0,False,True,False
-0.05351005484720276,0.8899133041051979,22.189959646277487,-1.3152771874593547,8.712493966415499,0,False,True,False
-0.002514100547000166,0.8899133041051979,3.9287175846983358,0.14884427298882952,8.743915328780437,0,False,True,False
-0.002514100547000166,0.9586622074228371,-47.057186605596364,-1.094078981204593,8.775336691145375,0,False,True,False
-0.05351005484720276,0.9586622074228371,9.072930902706096,1.5602994938525467,8.806758053510313,0,False,False,True
-0.002514100547000166,1.0274111107405153,5.971901869997906,-0.325151883271374,8.853890097057718,0,False,True,False
0.048481853753202325,1.0961600140581937,-7.497825781346538,-0.21981940410243986,8.885311459422656,0,True,False,False
0.09947780805337585,1.1649089173758327,-33.22950104761448,1.5918992376032275,8.963864865335001,0,False,True,False
0.09947780805337585,1.1649089173758327,0.333619341983087,0.1383110250719359,8.995286227699937,0,False,True,False
0.09947780805337585,1.2336578206935114,9.342527565674008,1.1600360730105976,9.026707590064875,0,False,True,False
0.15047376235357843,1.3024067240111508,-1.3541550088620729,-0.9676800062018721,9.058128952429813,0,False,False,True
0.15047376235357843,1.2336578206935114,-14.945293217482236,-0.16715316451797285,9.10526099597722,0,False,True,False
0.15047376235357843,1.2336578206935114,60.130688131587334,0.6228404292490332,9.136682358342156,0,False,True,False
0.15047376235357843,1.2336578206935114,36.39424926598541,0.10671128132125599,9.168103720707094,0,False,True,False
0.15047376235357843,1.2336578206935114,-19.96249044097552,0.3279094875760179,9.199525083072032,0,False,True,False
0.15047376235357843,1.1649089173758327,-31.193345232669266,-0.6727490645288564,9.23094644543697,0,False,True,False
0.15047376235357843,1.1649089173758327,14.013486746568143,0.812438891753115,9.262367807801908,0,True,False,False
0.09947780805337585,1.0961600140581937,-10.560981705216182,0.7703059000855408,9.340921213714251,0,False,True,False
0.09947780805337585,1.1649089173758327,-11.460476146622005,-0.051287437432145144,9.37234257607919,0,False,False,True
0.09947780805337585,1.1649089173758327,-42.07549882246779,1.0757700896754503,9.419474619626595,0,False,False,True
0.048481853753202325,1.0961600140581937,7.443496000397806,-0.35675162702205393,9.466606663174002,0,False,True,False
0.048481853753202325,1.0961600140581937,-22.946273914646994,1.202169064678171,9.49802802553894,0,False,False,True
-0.002514100547000166,1.0274111107405153,0.07600416785419234,-0.8412810311991512,9.545160069086347,0,False,True,False
-0.002514100547000166,1.0274111107405153,0.16631004390925352,0.1699107688226167,9.576581431451283,0,False,True,False
-0.002514100547000166,1.0274111107405153,23.444197233028518,-1.2310112041242074,9.60800279381622,0,False,True,False
-0.002514100547000166,0.8899133041051979,6.535932435560862,-1.0098129978694461,9.639424156181159,0,False,True,False
0.048481853753202325,0.9586622074228371,11.44370907583302,0.7281729084179673,9.670845518546097,0,True,False,False
0.048481853753202325,0.8899133041051979,-13.794033771900784,0.24364350424087003,9.74939892445844,0,False,True,False
0.048481853753202325,0.9586622074228371,-30.040644867036093,1.275901800096425,9.780820286823378,0,False,False,True
0.15047376235357843,1.0961600140581937,12.916799795716058,-1.7260738562181976,9.827952330370785,0,True,False,False
0.15047376235357843,1.0961600140581937,34.937713804168226,0.1699107688226167,9.906505736283128,0,True,False,False
0.15047376235357843,1.0961600140581937,9.620857066973011,-0.2408858999362262,9.985059142195473,0,False,True,False
0.15047376235357843,1.0961600140581937,2.80093265577806,-0.68328231244575,10.016480504560409,0,False,True,False
0.20146971665375205,1.0961600140581937,7.59775373972453,1.5392329980187605,10.047901866925347,0,False,True,False
0.15047376235357843,1.1649089173758327,-3.786378976447065,1.4023007750991454,10.079323229290285,0,False,True,False
0.15047376235357843,1.0961600140581937,-12.734641468305139,-0.7886147916146842,10.110744591655223,0,False,False,True
0.15047376235357843,1.0961600140581937,-17.531515298178583,2.4029593272040195,10.157876635202628,0,False,False,True
0.15047376235357843,1.1649089173758327,-2.740839481093132,-1.8630060791378122,10.205008678750035,0,False,True,False
0.15047376235357843,1.0961600140581937,14.461252962798763,1.4128340230160392,10.236430041114973,0,True,False,False
0.09947780805337585,1.0274111107405153,17.439831330024546,0.19097726465640302,10.314983447027316,0,False,True,False
0.048481853753202325,0.8899133041051979,-33.09345567855697,0.022445297986108937,10.346404809392254,0,False,False,True
0.048481853753202325,0.8899133041051979,12.533068114041761,-0.051287437432145144,10.393536852939661,0,False,True,False
0.048481853753202325,0.8899133041051979,-3.554866871353077,-0.6200828249443893,10.4249582153046,0,False,False,True
0.09947780805337585,0.9586622074228371,-43.53946183281733,-0.4936838499416688,10.472090258852004,0,False,False,True
0.09947780805337585,0.9586622074228371,-3.8271760022338888,-0.409417866606521,10.519222302399411,0,True,False,False
0.09947780805337585,1.0961600140581937,30.46311775596808,0.7913723959193278,10.597775708311755,0,False,False,True
0.09947780805337585,1.0961600140581937,7.238565948360698,-1.1783449645397401,10.644907751859161,0,False,True,False
0.15047376235357843,1.0961600140581937,22.68613245571648,1.4128340230160392,10.6763291142241,0,False,False,True
0.15047376235357843,1.0961600140581937,35.29519964787681,-0.12502017285039935,10.723461157771506,0,False,True,False
0.15047376235357843,1.1649089173758327,0.7905577966611079,-0.8623475270329378,10.754882520136443,0,False,True,False
0.15047376235357843,1.1649089173758327,7.218042825972256,-0.6727490645288564,10.78630388250138,0,False,True,False
0.15047376235357843,1.1649089173758327,-18.669825216223007,0.37004247924359135,10.817725244866319,0,False,True,False
0.09947780805337585,1.0961600140581937,-0.4845772364401937,-1.2626109478748875,10.849146607231257,0,False,False,True
0.20146971665375205,1.2336578206935114,9.455392904952374,-1.0519459895370193,10.896278650778662,0,False,False,True
0.20146971665375205,1.2336578206935114,8.720235742801385,1.8868301792762427,10.943410694326069,0,False,True,False
0.15047376235357843,1.1649089173758327,20.64611069669523,1.202169064678171,10.974832056691007,0,False,False,True
0.09947780805337585,1.1649089173758327,-7.377297807353772,1.4971000063511868,11.021964100238414,0,False,True,False
0.09947780805337585,1.2336578206935114,10.085312491701206,0.865105131337582,11.053385462603352,0,False,True,False
0.15047376235357843,1.3024067240111508,-13.947808177618988,-0.630616072861283,11.084806824968288,0,False,True,False
0.09947780805337585,1.2336578206935114,2.3740084045188055,0.4753749584125254,11.116228187333226,0,False,True,False
0.15047376235357843,1.2336578206935114,-20.925963126123875,0.5385744459138861,11.147649549698164,0,False,False,True
0.09947780805337585,1.2336578206935114,-0.709539519599732,-1.2099447082904207,11.19478159324557,0,False,False,True
0.15047376235357843,1.2336578206935114,-43.432558574480794,-1.4416761624620755,11.241913636792976,0,False,True,False
0.09947780805337585,1.2336578206935114,-1.6810939365097135,1.202169064678171,11.273334999157914,0,False,True,False
0.09947780805337585,1.1649089173758327,15.892997231647596,-0.9676800062018721,11.304756361522852,0,False,True,False
0.15047376235357843,1.1649089173758327,-14.86282415372953,-1.062479237453913,11.33617772388779,0,True,False,False
0.15047376235357843,1.1649089173758327,-0.8920133320637856,-1.167811716622847,11.414731129800133,0,False,False,True
0.20146971665375205,1.2336578206935114,1.8312193188797856,0.2120437604901901,11.461863173347538,0,False,True,False
0.25246567095395467,1.3024067240111508,22.532840121079595,-0.06182068534903863,11.493284535712476,0,False,True,False
0.25246567095395467,1.3024067240111508,-11.47415982638868,0.19097726465640302,11.524705898077414,0,False,True,False
0.25246567095395467,1.3024067240111508,-9.529550579337021,-1.2310112041242074,11.556127260442352,0,False,True,False
0.25246567095395467,1.3024067240111508,29.095792374288447,-1.3152771874593547,11.58754862280729,0,False,False,True
0.30346162525415726,1.3024067240111508,7.785459222673546,2.1185616334478987,11.634680666354697,1,False,True,False
0.25246567095395467,1.2336578206935114,22.603084269635914,-0.11448692493350575,11.666102028719633,1,False,True,False
0.20146971665375205,1.2336578206935114,0.2989074204689642,-0.409417866606521,8.30401625567131,0,False,True,False
0.25246567095395467,1.2336578206935114,7.030486919618579,-0.5884830811937094,8.335437618036249,0,False,False,True
0.20146971665375205,1.2336578206935114,29.601833131914063,-2.6424664249879246,8.382569661583656,0,False,True,False
0.20146971665375205,1.2336578206935114,-32.26196789258927,-0.8096812874484712,8.413991023948592,0,False,True,False
0.20146971665375205,1.3024067240111508,23.37313666668551,1.9289631709438164,8.44541238631353,0,False,False,True
0.15047376235357843,1.1649089173758327,-24.317336265173058,1.8446971876086693,8.492544429860937,0,False,False,True
0.15047376235357843,1.1649089173758327,-13.246181485835333,0.7703059000855408,8.539676473408342,0,False,True,False
0.09947780805337585,1.0274111107405153,36.092082800252975,0.08564478548746891,8.57109783577328,0,False,True,False
0.09947780805337585,1.0961600140581937,23.057318946603772,-1.9999383020574266,8.602519198138218,0,False,True,False
0.09947780805337585,1.0961600140581937,-17.636404664523067,-0.47261735410788164,8.633940560503156,0,False,True,False
0.09947780805337585,1.0961600140581937,30.957097872854263,0.07511153757057605,8.665361922868094,0,False,False,True
0.048481853753202325,1.0274111107405153,3.73470041473235,1.4760335105173998,8.712493966415499,0,False,True,False
0.048481853753202325,1.0274111107405153,-23.78657655595364,0.6544401729997138,8.743915328780437,0,False,False,True
0.09947780805337585,1.0274111107405153,-5.105685800781333,-0.9360802624511917,8.791047372327844,0,False,True,False
0.048481853753202325,1.0274111107405153,22.69000995649279,0.9599043625896226,8.82246873469278,0,True,False,False
0.048481853753202325,0.9586622074228371,3.950738202482789,-0.9044805187005117,8.901022140605125,0,False,True,False
0.048481853753202325,0.8899133041051979,-19.153523652906134,0.5491076938307797,8.932443502970063,0,False,True,False
0.048481853753202325,0.8899133041051979,7.027870797142349,-1.4100764187113954,8.963864865335001,0,False,False,True
0.048481853753202325,0.9586622074228371,21.60879005955228,-0.4515508582740945,9.010996908882406,0,False,True,False
0.048481853753202325,0.9586622074228371,22.767288119791132,-0.07235393326593222,9.042418271247344,0,False,False,True
0.048481853753202325,0.9586622074228371,39.50448068915104,1.7604312042735222,9.089550314794751,0,True,False,False
-0.002514100547000166,0.8899133041051979,-11.009671340918032,-0.8307477832822575,9.168103720707094,0,False,False,True
-0.002514100547000166,0.8211644007875195,-2.4713356995977454,-0.21981940410243986,9.215235764254501,0,False,True,False
-0.002514100547000166,0.8211644007875195,-3.0845711371640627,0.7703059000855408,9.24665712661944,0,False,True,False
-0.002514100547000166,0.8211644007875195,-22.76190681715813,-0.8728807749498315,9.278078488984375,0,False,True,False
0.048481853753202325,0.8899133041051979,11.313754343669402,-2.8952643749933666,9.309499851349313,1,False,True,False
0.048481853753202325,0.8899133041051979,4.215216602458823,2.603091037624995,9.340921213714251,0,False,True,False
0.09947780805337585,0.9586622074228371,-15.824205265271564,-0.15661991660107927,9.37234257607919,0,False,False,True
0.09947780805337585,0.8899133041051979,-22.41767616613837,-0.325151883271374,9.419474619626595,0,False,True,False
0.09947780805337585,0.8899133041051979,-0.7942707702722656,-0.9255470145342986,9.450895981991533,0,False,False,True
0.15047376235357843,1.0274111107405153,2.4671611645057325,0.09617803340436248,9.49802802553894,0,False,False,True
0.20146971665375205,1.0961600140581937,12.613910881120445,1.0441703459247695,9.545160069086347,0,False,False,True
0.15047376235357843,1.0274111107405153,-7.206924751430798,0.5280411979969926,9.592292112633752,0,False,True,False
0.09947780805337585,0.9586622074228371,-8.159179827186346,0.4437752146618455,9.62371347499869,0,False,True,False
0.09947780805337585,0.9586622074228371,-1.2680890088338577,-1.8314063353871317,9.655134837363628,0,False,True,False
0.09947780805337585,1.0274111107405153,16.924538276523432,0.29630974382533715,9.686556199728566,0,True,False,False
0.048481853753202325,0.9586622074228371,1.272324657765362,0.09617803340436248,9.765109605640909,0,False,True,False
0.09947780805337585,0.9586622074228371,22.50629653471918,0.38057572716048493,9.796530968005847,0,False,True,False
0.15047376235357843,0.9586622074228371,20.097903365504727,0.1699107688226167,9.827952330370785,0,False,True,False
0.15047376235357843,0.9586622074228371,17.09668025078578,-0.5990163291106029,9.859373692735723,0,False,False,True
0.09947780805337585,0.8899133041051979,-8.518026969630162,-0.2830188916038005,9.906505736283128,0,False,False,True
0.15047376235357843,0.8899133041051979,-4.489021223683996,0.07511153757057605,9.953637779830535,0,False,True,False
0.15047376235357843,0.8899133041051979,5.163156983157141,-0.04075418951525156,9.985059142195473,0,False,True,False
0.15047376235357843,0.9586622074228371,-0.18790656577755638,1.0757700896754503,10.016480504560409,0,False,False,True
0.15047376235357843,0.8899133041051979,-0.5449941071199118,2.1606946251154717,10.063612548107816,0,False,True,False
0.15047376235357843,0.9586622074228371,-8.061975889708638,-0.3146186353544804,10.095033910472754,0,False,True,False
0.20146971665375205,1.0274111107405153,-19.500015582896594,-1.3363436832931415,10.126455272837692,0,False,False,True
0.15047376235357843,0.9586622074228371,-9.274499294009138,0.8545718834206886,10.173587316385097,0,False,False,True
0.20146971665375205,0.9586622074228371,10.950057894014126,1.7077649646890554,10.220719359932504,0,False,False,True
0.15047376235357843,0.8899133041051979,27.493879057649423,1.4549670146836127,10.267851403479911,0,False,False,True
0.15047376235357843,0.7524154974698803,20.915928048823147,0.9915041063403026,10.314983447027316,0,False,True,False
0.15047376235357843,0.7524154974698803,10.345534197545563,1.9710961626113903,10.346404809392254,0,False,False,True
0.20146971665375205,0.8211644007875195,18.628088248525437,-1.7471403520519846,10.393536852939661,0,False,False,True
0.15047376235357843,0.8211644007875195,-4.454263554760385,2.6557572772094624,10.440668896487068,1,False,False,True
0.15047376235357843,0.8211644007875195,22.673924351574186,-1.5154088978803295,10.487800940034473,0,False,False,True
0.15047376235357843,0.683666594152202,22.61088298643507,-0.5568833374430288,10.53493298358188,0,False,True,False
0.09947780805337585,0.683666594152202,13.629638944824725,-2.663532920821712,10.566354345946818,0,False,False,True
0.09947780805337585,0.683666594152202,18.577271631759135,-0.6622158166119628,10.613486389494224,0,False,True,False
0.09947780805337585,0.683666594152202,-2.41774108397731,3.3509516397244274,10.644907751859161,1,False,True,False
0.09947780805337585,0.683666594152202,-14.421196388616773,-1.3152771874593547,10.6763291142241,0,True,False,False
0.15047376235357843,0.7524154974698803,-15.174671081826826,-0.9571467582849789,10.754882520136443,0,False,True,False
0.15047376235357843,0.7524154974698803,-6.519790836923253,-1.1994114603735269,10.78630388250138,0,False,True,False
0.15047376235357843,0.7524154974698803,2.4462720924744263,-0.3040853874375869,10.817725244866319,0,False,True,False
0.20146971665375205,0.7524154974698803,40.36900136648196,-0.272485643686907,10.849146607231257,0,False,True,False
0.20146971665375205,0.8211644007875195,24.352199294560226,0.6860399167503938,10.880567969596195,0,False,True,False
0.15047376235357843,0.7524154974698803,-35.41890759178403,0.4437752146618455,10.91198933196113,0,False,False,True
0.20146971665375205,0.8211644007875195,-13.959254992105135,-0.8412810311991512,10.959121375508538,0,False,True,False
0.20146971665375205,0.8211644007875195,8.617743936464368,-1.167811716622847,10.990542737873476,0,False,True,False
0.20146971665375205,0.8211644007875195,24.75715018570308,1.7709644521904149,11.021964100238414,0,False,True,False
0.20146971665375205,0.8899133041051979,-9.608808281787951,1.1811025688443844,11.053385462603352,0,False,True,False
0.20146971665375205,0.8211644007875195,-23.71884893331265,1.6972317167721616,11.084806824968288,0,False,False,True
0.20146971665375205,0.8211644007875195,-10.864030040994272,0.5596409417476725,11.131938868515695,0,True,False,False
0.15047376235357843,0.7524154974698803,-14.11549274905322,0.6965731646672874,11.210492274428038,0,False,True,False
0.20146971665375205,0.8211644007875195,-30.199282200641157,-0.2830188916038005,11.241913636792976,0,False,True,False
0.20146971665375205,0.7524154974698803,-4.064449032216407,1.1389695771768102,11.273334999157914,0,False,True,False
0.20146971665375205,0.7524154974698803,-29.692961061008674,-0.47261735410788164,11.304756361522852,0,False,True,False
0.20146971665375205,0.7524154974698803,17.15591552607852,1.4865667584342934,11.33617772388779,0,False,True,False
0.20146971665375205,0.7524154974698803,-3.118677428551393,-2.0947375333094667,11.367599086252726,0,False,True,False
0.20146971665375205,0.683666594152202,13.027286553025705,-1.4732759062127558,11.399020448617664,0,False,True,False
0.20146971665375205,0.683666594152202,-19.455665077873142,0.6439069250828203,11.430441810982602,0,False,False,True
0.25246567095395467,0.7524154974698803,3.063681928029023,2.2449606084506186,11.477573854530009,1,False,False,True
0.25246567095395467,0.8211644007875195,-4.147794359018845,-0.35675162702205393,11.524705898077414,0,False,False,True
0.25246567095395467,0.8211644007875195,8.727981800420565,2.8980219792980106,11.571837941624821,1,False,True,False
0.30346162525415726,0.8899133041051979,16.11925770443304,-0.15661991660107927,8.30401625567131,0,False,True,False
0.25246567095395467,0.8211644007875195,36.277171025988714,0.5491076938307797,8.335437618036249,0,True,False,False
0.25246567095395467,0.7524154974698803,-10.644823561575764,-0.2935521395206933,8.413991023948592,0,False,True,False
0.25246567095395467,0.683666594152202,-10.576184380527977,-2.2211365083121883,8.44541238631353,0,False,True,False
0.25246567095395467,0.7524154974698803,27.470083900573048,0.2752432479915508,8.476833748678468,0,False,True,False
0.25246567095395467,0.683666594152202,30.831660146709932,-1.2310112041242074,8.508255111043406,0,False,True,False
0.20146971665375205,0.683666594152202,4.192667692436579,-0.4831506020247752,8.539676473408342,0,False,False,True
0.20146971665375205,0.8211644007875195,-13.48925870472522,2.318693343868873,8.586808516955749,0,False,True,False
0.20146971665375205,0.8211644007875195,24.531034943990562,-1.188878212456634,8.618229879320687,0,False,True,False
0.20146971665375205,0.8211644007875195,-0.2814731682463866,0.38057572716048493,8.649651241685625,0,False,True,False
0.20146971665375205,0.8899133041051979,20.77535414349535,-0.5674165853599222,8.681072604050563,0,False,True,False
0.20146971665375205,0.8899133041051979,-5.299953655088277,-2.0736710374756804,8.712493966415499,0,True,False,False
0.20146971665375205,0.8899133041051979,17.880202510957147,1.739364708439735,8.791047372327844,0,False,False,True
0.25246567095395467,0.8899133041051979,-15.144607749346767,0.11724452923814957,8.83817941587525,0,False,False,True
0.25246567095395467,0.9586622074228371,-7.749013508458329,-1.3574101791269284,8.885311459422656,0,False,True,False
0.25246567095395467,0.8899133041051979,26.330293469561795,0.19097726465640302,8.916732821787594,0,False,True,False
0.25246567095395467,0.8899133041051979,8.9722651336126,0.3595092313266978,8.948154184152532,0,False,False,True
0.25246567095395467,0.9586622074228371,8.69624893669941,-0.767548295780897,8.995286227699937,0,False,True,False
0.25246567095395467,0.9586622074228371,13.328860588341355,-1.3047439395424612,9.026707590064875,0,False,False,True
0.25246567095395467,0.8899133041051979,-18.90456151189008,0.6649734209166066,9.073839633612282,0,False,True,False
0.25246567095395467,0.9586622074228371,3.9630546511065647,0.7913723959193278,9.10526099597722,0,False,True,False
0.25246567095395467,0.9586622074228371,-32.38053943171552,0.7387061563348608,9.136682358342156,0,False,True,False
0.30346162525415726,0.9586622074228371,-13.388927724871598,0.04351179381989538,9.168103720707094,0,False,False,True
0.25246567095395467,0.9586622074228371,16.453772579584882,0.5596409417476725,9.215235764254501,0,False,True,False
0.25246567095395467,0.9586622074228371,22.709513760874138,1.202169064678171,9.24665712661944,0,False,False,True
0.30346162525415726,1.0274111107405153,17.2721472031221,0.7387061563348608,9.293789170166844,0,False,True,False
0.25246567095395467,1.0274111107405153,22.381396275498236,-0.325151883271374,9.325210532531782,0,False,True,False
0.25246567095395467,1.0274111107405153,-16.515094879146503,-0.16715316451797285,9.35663189489672,0,False,True,False
0.30346162525415726,1.0961600140581937,-15.755709735215667,-0.8939472707836182,9.388053257261658,0,False,False,True
0.30346162525415726,1.1649089173758327,21.001462766750397,-1.062479237453913,9.435185300809064,0,False,True,False
0.30346162525415726,1.1649089173758327,-15.908201691769621,0.5807074375814596,9.466606663174002,0,False,True,False
0.30346162525415726,1.1649089173758327,7.2627789746496765,-0.5358168416092424,9.49802802553894,0,False,True,False
0.25246567095395467,1.0961600140581937,-2.861793904782183,1.4233672709329328,9.529449387903878,0,True,False,False
0.25246567095395467,1.1649089173758327,-13.349396563636132,0.5069747021632055,9.60800279381622,0,False,True,False
0.25246567095395467,1.1649089173758327,-16.180253993788323,-0.767548295780897,9.639424156181159,0,False,True,False
0.25246567095395467,1.1649089173758327,-5.953970852983039,2.529358302206741,9.670845518546097,0,False,False,True
0.25246567095395467,1.0961600140581937,11.509127393019224,-0.2408858999362262,9.717977562093502,0,False,True,False
0.25246567095395467,1.0961600140581937,16.002825230281037,0.9809708584234093,9.74939892445844,0,False,True,False
0.25246567095395467,1.0961600140581937,-42.616272398831306,-1.3890099228776085,9.780820286823378,0,False,True,False
0.20146971665375205,1.0274111107405153,-9.103215649253768,0.48590820632941906,9.812241649188316,0,False,True,False
0.15047376235357843,0.8899133041051979,-16.932921752955064,0.07511153757057605,9.843663011553254,0,False,False,True
0.15047376235357843,0.9586622074228371,-7.442686276098118,-0.15661991660107927,9.890795055100659,0,False,True,False
0.20146971665375205,1.0274111107405153,34.11653065768742,-1.0835457332876999,9.922216417465597,0,False,True,False
0.20146971665375205,0.9586622074228371,-7.751953049852827,1.3075015438471052,9.953637779830535,0,True,False,False
0.25246567095395467,1.0274111107405153,2.429633202556359,-0.43048436244030813,10.032191185742878,0,False,True,False
0.25246567095395467,0.9586622074228371,-3.097267383357728,0.19097726465640302,10.063612548107816,0,False,True,False
0.20146971665375205,0.8899133041051979,-27.015348006433666,-0.5147503457754552,10.095033910472754,0,False,True,False
0.20146971665375205,0.9586622074228371,22.846475657271824,1.823630691774882,10.126455272837692,0,False,False,True
0.20146971665375205,0.9586622074228371,1.9419903744428284,-0.8728807749498315,10.173587316385097,0,False,False,True
0.20146971665375205,0.9586622074228371,6.177265394059414,1.1284363292599173,10.220719359932504,0,True,False,False
0.20146971665375205,0.9586622074228371,11.568824269199816,0.48590820632941906,10.299272765844847,0,False,True,False
0.20146971665375205,0.9586622074228371,-15.140060607040112,-1.125678724955273,10.330694128209785,0,False,True,False
0.20146971665375205,0.9586622074228371,24.96607528308699,-1.6944741124675178,10.362115490574723,0,False,True,False
0.20146971665375205,0.9586622074228371,0.2913869086700954,-0.8728807749498315,10.393536852939661,0,False,True,False
0.20146971665375205,0.9586622074228371,8.006195310704532,-1.1783449645397401,10.4249582153046,0,False,True,False
0.20146971665375205,1.0274111107405153,16.47054961741794,-1.1572784687059539,10.456379577669535,0,True,False,False
0.15047376235357843,0.9586622074228371,-2.9227647386147373,1.8657636834424567,10.53493298358188,0,False,True,False
0.20146971665375205,1.0274111107405153,6.02266020925367,-0.7780815436977905,10.566354345946818,0,False,False,True
0.15047376235357843,0.9586622074228371,15.479331101161499,1.1705693209274908,10.613486389494224,0,False,True,False
0.20146971665375205,1.0274111107405153,-15.426701247340361,0.48590820632941906,10.644907751859161,0,False,True,False
0.15047376235357843,1.0274111107405153,22.077263212741574,0.1593775209057231,10.6763291142241,0,False,False,True
0.20146971665375205,1.0274111107405153,-4.075215074568037,-0.7886147916146842,10.723461157771506,0,False,True,False
0.25246567095395467,1.0961600140581937,-19.333624566171856,0.8229721396700078,10.754882520136443,0,False,True,False
0.25246567095395467,1.0961600140581937,-18.340583020627303,-1.0519459895370193,10.78630388250138,0,False,True,False
0.20146971665375205,1.0961600140581937,13.847451156579734,1.6234989813539076,10.817725244866319,0,False,False,True
0.25246567095395467,1.0961600140581937,37.572271347397624,0.2541767521577636,10.864857288413726,0,False,True,False
0.25246567095395467,1.0961600140581937,2.18031998580253,1.3601677834315722,10.896278650778662,0,False,False,True
0.25246567095395467,1.0961600140581937,-10.820135784396841,-0.7886147916146842,10.943410694326069,0,False,True,False
0.25246567095395467,1.0961600140581937,4.539401011583717,-1.0098129978694461,10.974832056691007,0,False,False,True
0.25246567095395467,1.0961600140581937,15.071617002239055,1.5602994938525467,11.021964100238414,0,False,True,False
0.25246567095395467,1.1649089173758327,10.916952853524435,1.0863033375923432,11.053385462603352,0,True,False,False
0.25246567095395467,1.0961600140581937,-6.433198631991802,0.05404504173678897,11.131938868515695,0,False,True,False
0.30346162525415726,1.1649089173758327,-9.682263424254852,1.1389695771768102,11.163360230880633,0,False,False,True
0.30346162525415726,1.1649089173758327,-2.5430532757012885,0.41217547091116485,11.210492274428038,0,False,True,False
0.30346162525415726,1.2336578206935114,-25.767535518893517,-0.3146186353544804,11.241913636792976,0,False,True,False
0.3544575795543308,1.2336578206935114,-1.0117535877729844,1.9394964188607093,11.273334999157914,1,False,True,False
0.25246567095395467,1.0961600140581937,-59.48058402872392,-0.2514191478531198,11.304756361522852,0,False,True,False
0.25246567095395467,1.0961600140581937,9.691174993558239,1.1705693209274908,11.33617772388779,0,False,False,True
0.25246567095395467,1.1649089173758327,11.322348175985763,-2.4002017228993764,11.383309767435195,0,False,False,True
0.25246567095395467,1.0961600140581937,-29.528361041154227,-0.09342042909971857,11.430441810982602,0,False,False,True
0.25246567095395467,1.0961600140581937,-2.4020013153997137,0.759772652168648,11.477573854530009,0,False,True,False
0.25246567095395467,1.0961600140581937,-9.783152226710468,0.5701741896645661,11.508995216894945,0,False,True,False
0.30346162525415726,1.1649089173758327,-37.463113266750625,0.9599043625896226,11.540416579259883,0,False,True,False
0.30346162525415726,1.1649089173758327,-17.61335084913139,1.328568039680892,11.571837941624821,0,False,True,False
0.30346162525415726,1.1649089173758327,-2.876219128097344,1.275901800096425,11.60325930398976,0,False,False,True
0.3544575795543308,1.1649089173758327,29.43386343792615,-0.7991480395315776,11.650391347537164,0,False,True,False
0.3544575795543308,1.1649089173758327,16.10380505765446,0.3911089750773785,11.681812709902102,0,False,True,False
0.3544575795543308,1.2336578206935114,13.411625253097398,0.3911089750773785,11.71323407226704,0,False,True,False
0.3544575795543308,1.1649089173758327,-8.605659006526405,0.9599043625896226,11.744655434631978,0,False,False,True
0.3544575795543308,1.1649089173758327,-3.6418317612551285,0.37004247924359135,11.791787478179383,0,False,True,False
0.3544575795543308,1.2336578206935114,3.5546231692491017,0.2541767521577636,11.823208840544321,0,False,False,True
0.40545353385453337,1.1649089173758327,-6.704019621357589,0.37004247924359135,11.870340884091728,0,False,True,False
0.3544575795543308,1.1649089173758327,17.583708849545555,-0.325151883271374,11.901762246456666,0,False,False,True
0.3544575795543308,1.1649089173758327,9.94498327015296,-2.2211365083121883,11.948894290004072,1,False,False,True
0.30346162525415726,1.1649089173758327,-1.514005673536849,-0.01968769368146511,8.30401625567131,0,False,True,False
0.30346162525415726,1.1649089173758327,16.430476301794553,-0.08288718118282508,8.335437618036249,0,False,True,False
0.25246567095395467,1.0961600140581937,17.49680862047497,-0.3672848749389475,8.366858980401187,0,False,False,True
0.25246567095395467,1.0274111107405153,-7.548618478137754,1.6972317167721616,8.413991023948592,0,False,False,True
0.25246567095395467,1.0961600140581937,-15.24937067728019,-0.39888461868962743,8.461123067495999,0,True,False,False
0.30346162525415726,1.0961600140581937,-7.57031745605753,-1.9578053103898532,8.539676473408342,0,False,True,False
0.30346162525415726,1.1649089173758327,8.66641391077126,-0.34621837910516035,8.57109783577328,0,True,False,False
0.30346162525415726,1.1649089173758327,0.7396956976107705,0.812438891753115,8.649651241685625,0,False,True,False
0.30346162525415726,1.0274111107405153,18.159978071935942,2.1290948813647916,8.681072604050563,0,True,False,False
0.25246567095395467,0.9586622074228371,-42.12811270505531,0.5385744459138861,8.759626009962906,0,False,True,False
0.30346162525415726,1.0274111107405153,-26.909807585091436,-0.14608666868418568,8.791047372327844,0,False,True,False
0.3544575795543308,1.0274111107405153,-22.65292316265208,0.06457828965368245,8.82246873469278,0,False,False,True
0.3544575795543308,1.0961600140581937,17.062761447371372,2.37135958345334,8.869600778240187,0,False,False,True
0.40545353385453337,1.1649089173758327,1.1680522014125838,-0.13555342076729207,8.916732821787594,0,True,False,False
0.3544575795543308,1.1649089173758327,-22.34592286396178,-0.9676800062018721,8.995286227699937,0,False,False,True
0.3544575795543308,1.1649089173758327,31.98669010692955,-1.7260738562181976,9.042418271247344,0,True,False,False
0.30346162525415726,1.0961600140581937,14.289952695921997,-0.8623475270329378,9.120971677159687,0,False,False,True
0.25246567095395467,1.0274111107405153,14.771392032671109,1.0231038500909833,9.168103720707094,0,False,True,False
0.25246567095395467,1.0274111107405153,-3.4281637254826487,-0.9255470145342986,9.199525083072032,0,False,True,False
0.25246567095395467,0.9586622074228371,14.084661379304903,-1.3152771874593547,9.23094644543697,0,True,False,False
0.25246567095395467,0.9586622074228371,3.4292773713075944,-0.8096812874484712,9.309499851349313,0,False,True,False
0.25246567095395467,0.9586622074228371,-11.407550780700944,0.1593775209057231,9.340921213714251,0,False,True,False
0.25246567095395467,0.9586622074228371,-21.2046006867209,1.2548353042626381,9.37234257607919,0,False,False,True
0.20146971665375205,0.9586622074228371,38.41365904590516,1.634032229270801,9.419474619626595,0,False,True,False
0.25246567095395467,1.0274111107405153,3.885645544455408,-0.2514191478531198,9.450895981991533,0,False,True,False
0.25246567095395467,0.9586622074228371,-0.3104414479497164,-2.2316697562290813,9.48231734435647,0,False,False,True
0.25246567095395467,1.0274111107405153,5.679715660351901,0.3173762396591243,9.529449387903878,0,False,True,False
0.25246567095395467,1.0274111107405153,8.530326138176015,1.0125706021740897,9.560870750268815,0,False,True,False
0.25246567095395467,1.0274111107405153,7.818837437968893,0.865105131337582,9.592292112633752,0,False,False,True
0.25246567095395467,1.0961600140581937,-6.96779554620057,1.3707010313484658,9.639424156181159,0,False,True,False
0.30346162525415726,1.1649089173758327,-4.08099408183766,0.48590820632941906,9.670845518546097,0,True,False,False
0.30346162525415726,1.1649089173758327,-16.791773212598304,-0.7043488082795372,9.74939892445844,0,True,False,False
0.25246567095395467,1.0961600140581937,8.759350210053483,0.18044401673951016,9.827952330370785,0,True,False,False
0.25246567095395467,1.0961600140581937,39.000908467287815,0.2541767521577636,9.906505736283128,0,False,True,False
0.25246567095395467,1.1649089173758327,19.905857788572963,1.5497662459356538,9.937927098648066,0,False,True,False
0.25246567095395467,1.0961600140581937,-13.452511187801935,-1.0308794937032326,9.969348461013004,0,False,True,False
0.25246567095395467,1.0961600140581937,43.69349845905011,0.14884427298882952,10.000769823377942,0,False,False,True
0.30346162525415726,1.1649089173758327,21.367242961510087,-1.3784766749607154,10.047901866925347,0,False,True,False
0.40545353385453337,1.3024067240111508,-23.999795219756468,-1.1572784687059539,10.079323229290285,0,False,False,True
0.3544575795543308,1.3024067240111508,15.890105094462754,-0.9571467582849789,10.126455272837692,0,False,False,True
0.3544575795543308,1.2336578206935114,5.363818031716922,0.7387061563348608,10.173587316385097,0,False,True,False
0.3544575795543308,1.3024067240111508,-27.24245827758022,2.023762402195857,10.205008678750035,0,True,False,False
0.30346162525415726,1.3024067240111508,38.48231243694433,0.4437752146618455,10.28356208466238,0,False,True,False
0.30346162525415726,1.3711556273288288,-33.252943505229226,-1.0414127416201258,10.314983447027316,0,False,True,False
0.30346162525415726,1.3711556273288288,-33.02391155603408,0.2857764959084444,10.346404809392254,0,False,True,False
0.30346162525415726,1.3711556273288288,-33.037863504080875,0.09617803340436248,10.377826171757192,0,False,True,False
0.30346162525415726,1.3711556273288288,5.350467062926148,-1.11514547703838,10.40924753412213,0,False,True,False
0.30346162525415726,1.3711556273288288,-1.9925273665845635,1.5918992376032275,10.440668896487068,0,False,True,False
0.30346162525415726,1.439904530646507,37.733903374624,0.7281729084179673,10.472090258852004,0,True,False,False
0.25246567095395467,1.3711556273288288,-1.5185111425288396,-2.1790035166446144,10.55064366476435,0,False,False,True
0.25246567095395467,1.3711556273288288,-50.008685205550215,2.1922943688661514,10.597775708311755,0,False,False,True
0.25246567095395467,1.3024067240111508,-27.10217086696147,-0.9360802624511917,10.644907751859161,0,False,True,False
0.25246567095395467,1.3711556273288288,9.15204689345673,0.5385744459138861,10.6763291142241,0,False,True,False
0.25246567095395467,1.3711556273288288,13.295052920495424,-0.10395367701661216,10.707750476589037,0,False,True,False
0.25246567095395467,1.3024067240111508,10.693271512331503,1.8868301792762427,10.739171838953975,0,False,False,True
0.25246567095395467,1.3024067240111508,13.540818679310085,-1.220477956207314,10.78630388250138,0,False,True,False
0.20146971665375205,1.1649089173758327,12.310269302615353,2.0553621459465377,10.817725244866319,0,False,True,False
0.20146971665375205,1.1649089173758327,-10.553023446313697,-0.04075418951525156,10.849146607231257,0,False,True,False
0.20146971665375205,1.1649089173758327,-8.619316878994978,0.5701741896645661,10.880567969596195,0,False,False,True
0.25246567095395467,1.2336578206935114,-15.634865225064836,1.6129657334370138,10.9277000131436,0,False,False,True
0.20146971665375205,1.1649089173758327,5.033427821291203,0.7808391480024344,10.974832056691007,0,False,True,False
0.20146971665375205,1.0961600140581937,24.4724779389428,-0.735948552030217,11.006253419055945,0,False,True,False
0.20146971665375205,1.1649089173758327,28.32255386809602,1.1811025688443844,11.037674781420883,0,False,True,False
0.20146971665375205,1.1649089173758327,-32.20954525764594,0.2752432479915508,11.069096143785819,0,False,False,True
0.20146971665375205,1.1649089173758327,18.99680983102175,-1.6628743687168372,11.116228187333226,0,False,False,True
0.25246567095395467,1.2336578206935114,14.989440944542267,0.2120437604901901,11.163360230880633,0,False,False,True
0.20146971665375205,1.1649089173758327,5.118999141293492,-0.009154445764571625,11.210492274428038,0,False,False,True
0.20146971665375205,1.2336578206935114,-10.981852079803998,0.8019056438362215,11.257624317975445,0,False,False,True
0.25246567095395467,1.2336578206935114,-8.586267264737913,1.8868301792762427,11.304756361522852,1,False,True,False
0.15047376235357843,1.1649089173758327,6.738825417923742,-1.2310112041242074,11.33617772388779,0,False,False,True
0.20146971665375205,1.2336578206935114,-25.100854732558478,-0.9676800062018721,11.383309767435195,0,False,True,False
0.20146971665375205,1.2336578206935114,-36.77384832703557,2.023762402195857,11.414731129800133,1,False,True,False
0.20146971665375205,1.1649089173758327,7.894890834995676,-0.735948552030217,11.446152492165071,0,False,False,True
0.20146971665375205,1.0961600140581937,-0.06723356010921766,-0.9676800062018721,11.493284535712476,0,True,False,False
0.15047376235357843,1.0274111107405153,5.085362561208308,0.4016422229942713,8.30401625567131,0,False,False,True
0.20146971665375205,1.0961600140581937,19.818810203231042,3.8565475397353106,8.351148299218718,1,False,True,False
0.20146971665375205,1.1649089173758327,9.729950383781313,-0.13555342076729207,8.382569661583656,0,False,False,True
0.15047376235357843,1.0961600140581937,-7.611505774810818,1.7077649646890554,8.42970170513106,0,True,False,False
0.15047376235357843,0.9586622074228371,-15.87694895433626,1.3391012875977857,8.508255111043406,0,False,True,False
0.09947780805337585,0.9586622074228371,-11.975734532051312,1.5392329980187605,8.539676473408342,0,True,False,False
0.09947780805337585,0.9586622074228371,10.11551996838509,-2.01047154997432,8.618229879320687,0,False,False,True
0.15047376235357843,1.0274111107405153,32.37589046468419,-0.11448692493350575,8.665361922868094,0,False,True,False
0.15047376235357843,1.0274111107405153,-16.793992190260035,-0.820214535365364,8.696783285233032,0,False,True,False
0.15047376235357843,1.0961600140581937,-16.727158730826005,-1.1046122291214864,8.728204647597968,0,False,True,False
0.15047376235357843,1.0274111107405153,8.348498169604113,0.10671128132125599,8.759626009962906,0,True,False,False
0.15047376235357843,0.9586622074228371,13.65608692963117,-1.5996748812154764,8.83817941587525,0,False,True,False
0.15047376235357843,1.0274111107405153,-6.948509525222348,-0.8518142791160447,8.869600778240187,0,False,True,False
0.15047376235357843,1.0274111107405153,-31.345633331034332,-0.6727490645288564,8.901022140605125,0,False,True,False
0.15047376235357843,1.0274111107405153,-22.563210141002134,0.7703059000855408,8.932443502970063,0,False,False,True
0.15047376235357843,1.0274111107405153,1.7379207713926481,-1.5154088978803295,8.97957554651747,0,False,True,False
0.20146971665375205,1.0961600140581937,-6.653998969419002,-0.10395367701661216,9.010996908882406,0,False,True,False
0.25246567095395467,1.1649089173758327,-30.33458429230666,-1.3890099228776085,9.042418271247344,0,False,True,False
0.20146971665375205,1.0961600140581937,8.858532235868978,-1.7366071041350912,9.073839633612282,0,False,True,False
0.20146971665375205,1.1649089173758327,-18.169953124711512,0.00137880215232186,9.10526099597722,0,False,True,False
0.20146971665375205,1.0961600140581937,-12.692947166709265,-0.3778181228558411,9.136682358342156,0,False,False,True
0.15047376235357843,1.0274111107405153,12.371463181865586,-1.1783449645397401,9.183814401889563,0,False,True,False
0.15047376235357843,1.0274111107405153,0.12303710548436209,2.1185616334478987,9.215235764254501,0,False,True,False
0.09947780805337585,1.0274111107405153,2.268075263307699,0.2225770084070837,9.24665712661944,0,False,True,False
0.15047376235357843,1.0274111107405153,4.170070874284096,0.6544401729997138,9.278078488984375,0,False,True,False
0.15047376235357843,1.0274111107405153,-14.1246598595826,0.7913723959193278,9.309499851349313,0,False,True,False
0.09947780805337585,1.0274111107405153,5.465863030157977,0.09617803340436248,9.340921213714251,0,False,False,True
0.09947780805337585,1.0274111107405153,-4.201980783980331,-0.15661991660107927,9.388053257261658,0,False,True,False
0.048481853753202325,0.9586622074228371,-30.477433431454028,-1.125678724955273,9.419474619626595,0,False,True,False
0.048481853753202325,0.9586622074228371,1.0350920024840558,0.812438891753115,9.450895981991533,0,False,True,False
0.048481853753202325,0.9586622074228371,34.29151418467972,0.04351179381989538,9.48231734435647,0,True,False,False
0.048481853753202325,1.0274111107405153,15.067812398962326,0.08564478548746891,9.560870750268815,0,False,True,False
0.09947780805337585,1.0961600140581937,-5.939580857735047,1.6656319730214808,9.592292112633752,0,False,False,True
0.048481853753202325,1.0961600140581937,-9.354686197492747,-1.094078981204593,9.639424156181159,0,True,False,False
0.048481853753202325,1.0274111107405153,3.4530488712013603,1.3075015438471052,9.717977562093502,0,False,True,False
-0.002514100547000166,0.9586622074228371,-15.081370355350309,-0.10395367701661216,9.74939892445844,0,False,True,False
-0.002514100547000166,1.0274111107405153,-25.7488863567323,-1.2310112041242074,9.780820286823378,0,False,True,False
-0.002514100547000166,0.9586622074228371,-14.235683164463705,0.2015105125732966,9.812241649188316,0,False,True,False
0.048481853753202325,0.9586622074228371,2.750771625830923,0.06457828965368245,9.843663011553254,0,False,False,True
-0.002514100547000166,0.9586622074228371,24.005453395031697,1.0125706021740897,9.890795055100659,0,False,True,False
-0.05351005484720276,0.8899133041051979,-9.123942806476276,1.9184299230269233,9.922216417465597,0,False,True,False
-0.10450600914737639,0.8899133041051979,25.559589223530015,0.12777777715504315,9.953637779830535,0,False,False,True
-0.05351005484720276,0.9586622074228371,5.95966952226556,0.517507950080099,10.000769823377942,0,False,False,True
-0.05351005484720276,0.9586622074228371,12.187624799513447,-1.1783449645397401,10.047901866925347,0,False,True,False
-0.002514100547000166,1.0274111107405153,3.1608435955959244,0.9072381230051556,10.079323229290285,0,False,True,False
-0.002514100547000166,1.0274111107405153,-21.71997569536665,0.9493711146727289,10.110744591655223,0,False,False,True
-0.05351005484720276,0.9586622074228371,38.91248342213968,-0.34621837910516035,10.157876635202628,0,False,True,False
-0.002514100547000166,0.9586622074228371,-31.071886851748644,-0.4831506020247752,10.189297997567566,0,False,False,True
0.048481853753202325,1.0274111107405153,19.858719214930247,-2.421268218733163,10.236430041114973,0,False,True,False
-0.002514100547000166,0.9586622074228371,-0.04636633706006099,-0.10395367701661216,10.267851403479911,0,False,False,True
-0.002514100547000166,1.0274111107405153,11.913157547189433,-0.8412810311991512,10.314983447027316,0,False,True,False
-0.002514100547000166,1.0274111107405153,-8.336138619837948,0.18044401673951016,10.346404809392254,0,False,True,False
-0.002514100547000166,0.9586622074228371,32.76791125823384,-1.6207413770492636,10.377826171757192,0,False,True,False
-0.05351005484720276,0.8899133041051979,-13.166567065225882,-1.220477956207314,10.40924753412213,0,False,False,True
-0.10450600914737639,0.8211644007875195,-25.806547908434432,-0.43048436244030813,10.456379577669535,0,False,True,False
-0.10450600914737639,0.8899133041051979,16.463085331927196,-1.5364753937141165,10.487800940034473,0,True,False,False
-0.10450600914737639,0.8211644007875195,-20.547568127818437,-2.463401210400737,10.566354345946818,0,False,True,False
-0.10450600914737639,0.8211644007875195,2.765456765520253,0.6544401729997138,10.597775708311755,0,False,True,False
-0.10450600914737639,0.8211644007875195,-37.46904974677728,-1.136211972872167,10.629197070676693,0,False,False,True
-0.05351005484720276,0.8899133041051979,-18.88325413148993,-1.6418078728830505,10.6763291142241,0,False,True,False
-0.05351005484720276,0.8899133041051979,10.371989531211026,0.19097726465640302,10.707750476589037,0,True,False,False
-0.002514100547000166,0.8899133041051979,-12.475558051481915,1.3917675271822527,10.78630388250138,0,False,True,False
-0.05351005484720276,0.8899133041051979,3.222142564900144,-0.19875290826865277,10.817725244866319,0,False,True,False
-0.05351005484720276,0.8211644007875195,25.269608366006658,-0.47261735410788164,10.849146607231257,0,False,False,True
-0.10450600914737639,0.7524154974698803,-4.063389920095608,2.5504247980405284,10.896278650778662,0,False,True,False
-0.10450600914737639,0.7524154974698803,4.460641704776167,0.45430846257873836,10.9277000131436,0,False,False,True
-0.10450600914737639,0.7524154974698803,13.63966126563869,-0.4515508582740945,10.974832056691007,0,False,False,True
-0.10450600914737639,0.8211644007875195,-2.6764765380276136,-1.2310112041242074,11.021964100238414,0,False,True,False
-0.05351005484720276,0.8211644007875195,0.7504373766645355,-0.4410176103572017,11.053385462603352,0,True,False,False
-0.002514100547000166,0.9586622074228371,7.713742589667251,0.2752432479915508,11.131938868515695,0,False,False,True
-0.002514100547000166,0.9586622074228371,-17.907076782857672,-0.3146186353544804,11.179070912063102,0,False,True,False
-0.002514100547000166,0.9586622074228371,10.5763362138638,-0.13555342076729207,11.210492274428038,0,False,True,False
-0.002514100547000166,0.9586622074228371,3.570413930788654,0.5912406854983533,11.241913636792976,0,False,True,False
0.048481853753202325,1.0274111107405153,-9.492744210540838,-0.5568833374430288,11.273334999157914,0,False,True,False
0.048481853753202325,0.9586622074228371,-30.509577601128974,-0.5252835936923488,11.304756361522852,0,False,True,False
0.09947780805337585,1.0274111107405153,13.602383410654012,-0.9466135103680854,11.33617772388779,0,False,True,False
0.09947780805337585,1.0961600140581937,11.170254702877228,0.9704376105065162,11.367599086252726,0,False,True,False
0.15047376235357843,1.0961600140581937,-23.238889578346406,0.7808391480024344,11.399020448617664,0,False,True,False
0.09947780805337585,1.0961600140581937,7.1285390473242805,-0.9466135103680854,11.430441810982602,0,False,True,False
0.048481853753202325,1.0274111107405153,-27.423885078333356,0.759772652168648,11.461863173347538,0,False,True,False
0.048481853753202325,1.0274111107405153,-2.9118670871780217,-0.9360802624511917,11.493284535712476,0,False,True,False
0.048481853753202325,1.1649089173758327,-13.254827299517215,0.896704875088262,11.524705898077414,0,False,False,True
0.048481853753202325,1.1649089173758327,23.95955415301691,0.2752432479915508,11.571837941624821,0,False,True,False
0.09947780805337585,1.2336578206935114,-16.870739266954235,-1.7682068478857715,11.60325930398976,0,False,True,False
0.09947780805337585,1.0961600140581937,-10.750079753539799,-0.5252835936923488,11.634680666354697,0,False,False,True
0.09947780805337585,1.0961600140581937,12.607976829470035,1.1495028250937038,11.681812709902102,0,False,True,False
0.09947780805337585,1.0961600140581937,-13.804870716610377,-0.2408858999362262,11.71323407226704,0,True,False,False
0.15047376235357843,1.1649089173758327,-2.7477349330160807,0.8335053875869014,11.791787478179383,1,False,False,True
0.15047376235357843,1.1649089173758327,0.2892683696639561,-0.3356851311882676,8.30401625567131,0,False,False,True
0.20146971665375205,1.1649089173758327,-9.615969696059192,0.759772652168648,8.351148299218718,0,False,True,False
0.15047376235357843,1.1649089173758327,29.487016224301136,-0.2619523957700134,8.382569661583656,0,False,True,False
0.15047376235357843,1.1649089173758327,-22.95257391726379,1.739364708439735,8.413991023948592,0,False,True,False
0.15047376235357843,1.2336578206935114,14.772449489494122,-0.2935521395206933,8.44541238631353,0,False,True,False
0.15047376235357843,1.2336578206935114,17.053205341141066,-0.8307477832822575,8.476833748678468,0,False,False,True
0.20146971665375205,1.2336578206935114,-12.932745472888818,0.2331102563239773,8.523965792225873,0,False,True,False
0.25246567095395467,1.3024067240111508,18.98956667074388,0.3279094875760179,8.555387154590811,0,False,True,False
0.25246567095395467,1.3024067240111508,-29.134614190346475,1.2337688084288516,8.586808516955749,0,False,True,False
0.25246567095395467,1.3024067240111508,6.323664581213132,0.5069747021632055,8.618229879320687,0,False,False,True
0.25246567095395467,1.3711556273288288,-30.498011525931663,0.48590820632941906,8.665361922868094,0,False,True,False
0.25246567095395467,1.3711556273288288,3.8920892480894573,0.30684299174223073,8.696783285233032,0,False,True,False
0.25246567095395467,1.3711556273288288,-7.527561164020164,1.4865667584342934,8.728204647597968,0,False,False,True
0.25246567095395467,1.3024067240111508,-15.550417521180991,0.4753749584125254,8.775336691145375,0,False,False,True
0.25246567095395467,1.3024067240111508,-26.457166108881022,2.0553621459465377,8.82246873469278,0,False,True,False
0.25246567095395467,1.3024067240111508,38.7045133733754,1.1073698334261304,8.853890097057718,0,False,True,False
0.25246567095395467,1.3024067240111508,18.732001149344264,0.9915041063403026,8.885311459422656,0,False,True,False
0.25246567095395467,1.3711556273288288,12.7653437742398,-0.19875290826865277,8.916732821787594,0,False,True,False
0.20146971665375205,1.3024067240111508,-17.79868198870076,0.7071064125841808,8.948154184152532,0,True,False,False
0.25246567095395467,1.3711556273288288,16.45221085003155,-1.294210691625568,9.026707590064875,0,False,False,True
0.30346162525415726,1.439904530646507,-27.29107144538758,1.2969682959302113,9.073839633612282,0,False,False,True
0.30346162525415726,1.5086534339641464,2.016371458148784,1.5497662459356538,9.120971677159687,0,False,True,False
0.30346162525415726,1.5774023372818247,17.796690172989603,-0.2935521395206933,9.152393039524625,0,False,True,False
0.3544575795543308,1.646151240599464,-1.2785711534729027,-0.14608666868418568,9.183814401889563,0,False,True,False
0.3544575795543308,1.5774023372818247,-28.00004667151809,-0.21981940410243986,9.215235764254501,0,False,True,False
0.3544575795543308,1.5774023372818247,5.989564922785189,-1.6839408645506242,9.24665712661944,0,False,True,False
0.3544575795543308,1.5086534339641464,-3.6396917752973152,0.9493711146727289,9.278078488984375,0,True,False,False
0.3544575795543308,1.5774023372818247,-0.3287055016925334,1.4549670146836127,9.35663189489672,0,False,True,False
0.3544575795543308,1.5774023372818247,-21.095580670008047,0.9493711146727289,9.388053257261658,0,False,True,False
0.40545353385453337,1.5774023372818247,-9.585636398156447,0.03297854590300179,9.419474619626595,0,False,False,True
0.3544575795543308,1.646151240599464,16.119061926459285,0.759772652168648,9.466606663174002,0,True,False,False
0.40545353385453337,1.646151240599464,5.848769703277339,-0.09342042909971857,9.545160069086347,0,False,True,False
0.3544575795543308,1.5774023372818247,-21.52968510789869,-1.3363436832931415,9.576581431451283,0,True,False,False
0.3544575795543308,1.5774023372818247,-3.1973196127248507,0.5701741896645661,9.655134837363628,0,True,False,False
0.40545353385453337,1.646151240599464,-7.924235640301116,2.013229154278964,9.73368824327597,1,False,True,False
0.3544575795543308,1.5774023372818247,-17.305920884264374,-0.3883513707727347,9.765109605640909,0,False,True,False
0.30346162525415726,1.5086534339641464,9.996502982450105,-2.2632694999797627,9.796530968005847,0,False,False,True
0.3544575795543308,1.646151240599464,20.862148112579952,-0.21981940410243986,9.843663011553254,0,False,True,False
0.3544575795543308,1.5774023372818247,-25.82085532167741,-0.71488205619643,9.87508437391819,0,False,True,False
0.3544575795543308,1.646151240599464,-13.560125076250417,2.287093600118193,9.906505736283128,0,False,False,True
0.40545353385453337,1.646151240599464,26.848689823350743,-1.5154088978803295,9.953637779830535,0,False,True,False
0.40545353385453337,1.7149001439171423,16.822641112291535,-0.08288718118282508,9.985059142195473,0,False,True,False
0.456449488154707,1.7836490472348205,6.69961602496452,0.06457828965368245,10.016480504560409,0,False,False,True
0.456449488154707,1.85239795055246,22.46066419863204,0.4016422229942713,10.063612548107816,0,False,True,False
0.40545353385453337,1.7836490472348205,12.923315250370122,-0.46208410619098805,10.095033910472754,0,False,False,True
0.40545353385453337,1.7836490472348205,-17.536025888787783,1.0547035938416633,10.142165954020161,0,False,True,False
0.40545353385453337,1.7836490472348205,-7.369546212675224,1.4339005188498262,10.173587316385097,0,False,True,False
0.40545353385453337,1.7149001439171423,-1.5630541160696512,1.1284363292599173,10.205008678750035,0,False,True,False
0.40545353385453337,1.7149001439171423,-21.384549479625964,0.7703059000855408,10.236430041114973,0,False,True,False
0.456449488154707,1.646151240599464,16.128936247325495,1.3180347917639985,10.267851403479911,0,False,True,False
0.40545353385453337,1.646151240599464,14.786502193786802,-1.7050073603844111,10.299272765844847,0,False,True,False
0.40545353385453337,1.646151240599464,8.90223411466878,0.4753749584125254,10.330694128209785,0,False,True,False
0.3544575795543308,1.5774023372818247,7.446437100350037,0.759772652168648,10.362115490574723,0,False,False,True
0.40545353385453337,1.5774023372818247,-6.324376037528063,0.5069747021632055,10.40924753412213,0,False,True,False
0.40545353385453337,1.646151240599464,47.988398711468484,-1.5680751374647965,10.440668896487068,0,False,False,True
0.40545353385453337,1.646151240599464,-2.1546977758567434,0.3911089750773785,10.487800940034473,0,False,False,True
0.456449488154707,1.646151240599464,-10.732251968764622,1.1600360730105976,10.53493298358188,0,False,True,False
0.40545353385453337,1.5774023372818247,36.23811274579232,-1.4416761624620755,10.566354345946818,0,False,True,False
0.3544575795543308,1.5774023372818247,-32.41889698056627,-1.3890099228776085,10.597775708311755,0,False,True,False
0.3544575795543308,1.5086534339641464,-15.378229835180228,-0.15661991660107927,10.629197070676693,0,False,True,False
0.40545353385453337,1.5086534339641464,-42.997550323329584,-1.5048756499634361,10.66061843304163,0,False,False,True
0.3544575795543308,1.439904530646507,-9.147287218022521,-0.325151883271374,10.707750476589037,0,False,True,False
0.3544575795543308,1.439904530646507,25.107582367006508,0.42270871882805844,10.739171838953975,0,False,True,False
0.3544575795543308,1.439904530646507,10.054778742530319,0.2015105125732966,10.770593201318912,0,False,True,False
0.3544575795543308,1.439904530646507,1.2222314561684016,0.3279094875760179,10.80201456368385,0,True,False,False
0.40545353385453337,1.439904530646507,17.233194848107026,-0.5147503457754552,10.880567969596195,0,True,False,False
0.40545353385453337,1.439904530646507,13.207587343893053,-0.3040853874375869,10.959121375508538,0,False,True,False
0.456449488154707,1.439904530646507,-6.564706728447898,0.2541767521577636,10.990542737873476,0,False,True,False
0.40545353385453337,1.439904530646507,-51.91614357838253,0.1383110250719359,11.021964100238414,0,False,True,False
0.40545353385453337,1.3711556273288288,-35.782896759995545,0.00137880215232186,11.053385462603352,0,False,True,False
0.40545353385453337,1.3711556273288288,12.386094664608907,0.9809708584234093,11.084806824968288,0,False,True,False
0.3544575795543308,1.3024067240111508,-35.82635172286246,0.812438891753115,11.116228187333226,0,False,True,False
0.3544575795543308,1.3024067240111508,-7.275664986505163,-0.03022094159835797,11.147649549698164,0,False,True,False
0.40545353385453337,1.3711556273288288,-12.167375008505513,0.5280411979969926,11.179070912063102,0,False,False,True
0.3544575795543308,1.3024067240111508,-23.99468080117516,0.6860399167503938,11.226202955610507,0,True,False,False
0.3544575795543308,1.3024067240111508,-19.01024196888201,-1.241544452041101,11.304756361522852,0,False,False,True
0.3544575795543308,1.3024067240111508,-14.50145694331951,1.8025641959410958,11.351888405070257,1,False,True,False
0.3544575795543308,1.3024067240111508,-21.308617088068825,0.2120437604901901,11.383309767435195,0,False,True,False
0.30346162525415726,1.1649089173758327,-0.3614799250941212,0.38057572716048493,11.414731129800133,0,False,True,False
0.30346162525415726,1.0961600140581937,24.671719736855135,-1.136211972872167,11.446152492165071,0,False,False,True
0.30346162525415726,1.0961600140581937,-2.8756728881030353,0.844038635503795,11.493284535712476,0,False,True,False
0.3544575795543308,1.1649089173758327,7.1629100584160454,-0.16715316451797285,11.524705898077414,0,False,True,False
0.3544575795543308,1.2336578206935114,-3.991485655641882,0.2015105125732966,11.556127260442352,0,False,True,False
0.40545353385453337,1.2336578206935114,3.8114772749998167,-1.9156723187222793,11.58754862280729,0,False,True,False
0.40545353385453337,1.3024067240111508,-23.012439052150683,-1.2310112041242074,11.618969985172228,0,False,False,True
0.40545353385453337,1.3024067240111508,-1.431506305652325,0.45430846257873836,11.666102028719633,0,False,False,True
0.40545353385453337,1.1649089173758327,3.5275025572126575,0.6755066688335002,11.71323407226704,0,False,True,False
0.40545353385453337,1.1649089173758327,35.831005882631466,-0.9044805187005117,11.744655434631978,0,False,True,False
0.40545353385453337,1.1649089173758327,-24.51923494701972,-0.9150137666174049,11.776076796996914,0,False,True,False
0.40545353385453337,1.2336578206935114,18.242390614233425,0.3595092313266978,11.807498159361852,0,False,True,False
0.3544575795543308,1.1649089173758327,16.96995729019836,0.00137880215232186,8.30401625567131,0,False,False,True
0.3544575795543308,1.1649089173758327,9.582509054386083,-0.11448692493350575,8.351148299218718,0,False,False,True
0.40545353385453337,1.1649089173758327,15.179866158843481,0.6123071813321396,8.398280342766125,0,False,True,False
0.40545353385453337,1.1649089173758327,12.06860073849438,-1.1572784687059539,8.42970170513106,0,False,True,False
0.40545353385453337,1.1649089173758327,25.30933327741379,0.9493711146727289,8.461123067495999,0,False,True,False
0.40545353385453337,1.1649089173758327,-0.8509802540283299,-0.820214535365364,8.492544429860937,0,False,True,False
0.40545353385453337,1.0961600140581937,-5.236672384402846,-0.46208410619098805,8.523965792225873,0,False,True,False
0.40545353385453337,1.1649089173758327,-14.442236375856965,0.5807074375814596,8.555387154590811,0,False,True,False
0.40545353385453337,1.1649089173758327,12.11641828162971,-0.06182068534903863,8.586808516955749,0,False,True,False
0.3544575795543308,1.0274111107405153,4.672205381029041,-0.3778181228558411,8.618229879320687,0,False,False,True
0.40545353385453337,1.0961600140581937,-15.783578192010506,-0.4199511145234146,8.665361922868094,0,False,True,False
0.456449488154707,1.2336578206935114,27.534876022187202,-1.6312746249661572,8.696783285233032,0,False,False,True
0.456449488154707,1.3024067240111508,31.257448677277036,0.09617803340436248,8.743915328780437,0,False,False,True
0.5074454424549095,1.3711556273288288,-3.3693856628623715,-0.3356851311882676,8.791047372327844,0,False,True,False
0.5074454424549095,1.3024067240111508,-3.2933216820220097,0.2015105125732966,8.82246873469278,0,False,True,False
0.456449488154707,1.3024067240111508,-26.013037833130582,1.6972317167721616,8.853890097057718,0,False,False,True
0.456449488154707,1.3024067240111508,3.6692714109227,-0.20928615618554636,8.901022140605125,0,True,False,False
0.456449488154707,1.3024067240111508,-23.627233898452996,-2.4739344583176304,8.97957554651747,0,True,False,False
0.5074454424549095,1.439904530646507,6.248260633011807,1.0441703459247695,9.058128952429813,0,False,True,False
0.5074454424549095,1.439904530646507,0.9690067877725486,-0.8096812874484712,9.089550314794751,0,False,True,False
0.5584413967551122,1.5086534339641464,8.648652925681569,0.2752432479915508,9.120971677159687,0,True,False,False
0.5074454424549095,1.5086534339641464,15.003867400281163,2.0026959063620704,9.199525083072032,0,False,True,False
0.5074454424549095,1.5086534339641464,6.6086070146094755,0.7387061563348608,9.23094644543697,0,False,True,False
0.5074454424549095,1.5086534339641464,2.671949805275224,-0.009154445764571625,9.262367807801908,0,False,True,False
0.456449488154707,1.439904530646507,-0.6207334508939881,0.022445297986108937,9.293789170166844,0,False,True,False
0.5584413967551122,1.5774023372818247,11.651767977267742,-0.4936838499416688,9.325210532531782,0,False,True,False
0.5074454424549095,1.5086534339641464,-33.110966952444485,-0.43048436244030813,9.35663189489672,0,False,True,False
0.5074454424549095,1.5086534339641464,21.7720857557946,-0.7780815436977905,9.388053257261658,0,False,False,True
0.456449488154707,1.5086534339641464,4.689560850505892,-1.7682068478857715,9.435185300809064,0,False,True,False
0.456449488154707,1.439904530646507,20.48549158196465,-1.1783449645397401,9.466606663174002,0,False,True,False
0.456449488154707,1.439904530646507,8.08386263487895,0.9072381230051556,9.49802802553894,0,False,False,True
0.5074454424549095,1.439904530646507,6.094005013525688,0.6439069250828203,9.545160069086347,0,False,True,False
0.5584413967551122,1.5086534339641464,-7.8507864381938,1.5708327417694403,9.576581431451283,0,False,True,False
0.5584413967551122,1.5774023372818247,-7.332330853674028,-1.0835457332876999,9.60800279381622,0,False,True,False
0.6094373510552857,1.5774023372818247,-3.4992507201525997,-0.16715316451797285,9.639424156181159,0,False,True,False
0.6094373510552857,1.5774023372818247,5.343972870573561,-0.17768641243486635,9.670845518546097,0,False,False,True
0.6094373510552857,1.646151240599464,25.78758285265715,0.8229721396700078,9.717977562093502,0,True,False,False
0.6094373510552857,1.646151240599464,-15.185273366951256,2.0026959063620704,9.796530968005847,0,False,True,False
0.6094373510552857,1.646151240599464,-37.84027467288729,1.4233672709329328,9.827952330370785,0,False,True,False
0.6094373510552857,1.646151240599464,-28.340793979921095,-0.35675162702205393,9.859373692735723,0,False,False,True
0.6094373510552857,1.646151240599464,26.33020812882105,-0.04075418951525156,9.906505736283128,0,False,False,True
0.5074454424549095,1.5774023372818247,-10.429449506045216,-0.3778181228558411,9.953637779830535,0,False,True,False
0.5074454424549095,1.5774023372818247,-17.650123913121814,0.2752432479915508,9.985059142195473,0,False,True,False
0.5074454424549095,1.5086534339641464,3.37361802574523,-0.735948552030217,10.016480504560409,0,False,True,False
0.5074454424549095,1.5774023372818247,-1.7917631607621438,-0.5358168416092424,10.047901866925347,0,False,True,False
0.5074454424549095,1.5086534339641464,17.38715466279781,-0.6200828249443893,10.079323229290285,0,False,True,False
0.5584413967551122,1.5774023372818247,2.357500968869755,-0.5779498332768158,10.110744591655223,0,False,True,False
0.5074454424549095,1.5086534339641464,4.734287715015322,0.03297854590300179,10.142165954020161,0,True,False,False
0.5584413967551122,1.5774023372818247,12.581006275711133,-0.5358168416092424,10.220719359932504,0,False,True,False
0.5584413967551122,1.646151240599464,-13.05141635701758,-0.21981940410243986,10.252140722297442,0,False,True,False
0.5584413967551122,1.646151240599464,5.551453872096007,-1.5680751374647965,10.28356208466238,0,False,False,True
0.5584413967551122,1.5774023372818247,45.46952814017006,-0.10395367701661216,10.330694128209785,0,False,True,False
0.5584413967551122,1.5774023372818247,-33.95106049352955,-1.4838091541296494,10.362115490574723,0,False,False,True
0.5584413967551122,1.5774023372818247,23.773727962489712,-0.8518142791160447,10.40924753412213,0,False,True,False
0.5074454424549095,1.5774023372818247,-17.511272183891094,0.37004247924359135,10.440668896487068,0,False,True,False
0.5074454424549095,1.5086534339641464,0.08653368084414548,-1.1783449645397401,10.472090258852004,0,False,True,False
0.5074454424549095,1.5086534339641464,12.622457092009105,0.1593775209057231,10.503511621216942,0,False,False,True
0.5074454424549095,1.5086534339641464,22.802047103328153,-3.1901953166663826,10.55064366476435,1,False,False,True
0.456449488154707,1.439904530646507,11.20348974153086,1.2337688084288516,10.597775708311755,0,False,True,False
0.456449488154707,1.439904530646507,-9.782760825737148,-0.9466135103680854,10.629197070676693,0,False,False,True
0.40545353385453337,1.3711556273288288,12.543125639180037,1.4023007750991454,10.6763291142241,0,False,False,True
0.40545353385453337,1.3711556273288288,-26.58130718564467,1.0757700896754503,10.723461157771506,0,False,True,False
0.456449488154707,1.439904530646507,-7.961024605483034,-1.7892733437195583,10.754882520136443,0,False,False,True
0.40545353385453337,1.3711556273288288,-5.044403131121,2.8769554834642235,10.80201456368385,0,False,False,True
0.456449488154707,1.3711556273288288,13.769372620931296,0.42270871882805844,10.849146607231257,0,False,True,False
0.40545353385453337,1.3711556273288288,0.3909809589256157,-0.2830188916038005,10.880567969596195,0,False,True,False
0.456449488154707,1.439904530646507,-2.5606631698844406,0.6333736771659267,10.91198933196113,0,False,True,False
0.5074454424549095,1.439904530646507,13.592703794584798,-1.220477956207314,10.943410694326069,0,False,False,True
0.40545353385453337,1.3024067240111508,-47.317843622554015,0.11724452923814957,10.990542737873476,0,False,True,False
0.456449488154707,1.3711556273288288,13.909019123912909,-2.3370022353980158,11.021964100238414,0,True,False,False
0.40545353385453337,1.2336578206935114,-8.765448588663686,2.2238941126168323,11.100517506150757,0,False,True,False
0.40545353385453337,1.2336578206935114,9.440070278118517,0.34897598340980424,11.131938868515695,0,False,True,False
0.456449488154707,1.3711556273288288,7.272242458349716,1.6972317167721616,11.163360230880633,0,False,False,True
0.456449488154707,1.3711556273288288,-3.4090114969918215,1.1284363292599173,11.210492274428038,0,False,False,True
0.456449488154707,1.3711556273288288,-32.56549902658118,0.4437752146618455,11.257624317975445,0,False,True,False
0.5074454424549095,1.3711556273288288,-32.598972304400206,-0.2619523957700134,11.289045680340383,0,False,False,True
0.456449488154707,1.3711556273288288,-34.711882069641085,0.14884427298882952,11.33617772388779,0,False,False,True
0.5074454424549095,1.3711556273288288,4.204001403360417,-0.07235393326593222,11.383309767435195,0,False,True,False
0.5074454424549095,1.3024067240111508,6.92238796152612,-1.7366071041350912,11.414731129800133,0,False,True,False
0.5074454424549095,1.439904530646507,24.413245881423716,-0.9782132541187655,11.446152492165071,0,False,True,False
0.456449488154707,1.3711556273288288,-0.8572025654119122,-1.2731441957917813,11.477573854530009,0,True,False,False
0.5074454424549095,1.3711556273288288,-5.75869116070645,-0.5674165853599222,11.556127260442352,0,False,False,True
0.456449488154707,1.3711556273288288,-2.6999661271975612,0.4016422229942713,11.60325930398976,0,False,True,False
0.456449488154707,1.3711556273288288,7.017842620632066,0.2857764959084444,11.634680666354697,0,True,False,False
0.456449488154707,1.3711556273288288,-18.82537930873179,-0.13555342076729207,11.71323407226704,0,False,True,False
0.40545353385453337,1.3711556273288288,8.336053925314584,1.1284363292599173,11.744655434631978,0,False,False,True
0.3544575795543308,1.3024067240111508,-6.466903983655459,1.0757700896754503,11.791787478179383,1,False,True,False
0.30346162525415726,1.3024067240111508,6.525832841711305,0.517507950080099,11.823208840544321,0,False,True,False
0.30346162525415726,1.2336578206935114,7.254735422644126,0.5069747021632055,11.85463020290926,0,False,True,False
0.30346162525415726,1.3024067240111508,13.639392533858933,-0.4936838499416688,8.30401625567131,0,False,False,True
0.30346162525415726,1.3711556273288288,-21.89692267937399,0.2331102563239773,8.351148299218718,0,False,True,False
0.3544575795543308,1.3711556273288288,8.50463929524357,-0.7991480395315776,8.382569661583656,0,False,True,False
0.40545353385453337,1.3711556273288288,-8.885110273447102,0.6860399167503938,8.413991023948592,0,False,True,False
0.3544575795543308,1.3024067240111508,18.831236922172685,-0.12502017285039935,8.44541238631353,0,False,True,False
0.3544575795543308,1.2336578206935114,20.65317587411702,-0.3356851311882676,8.476833748678468,0,False,True,False
0.3544575795543308,1.1649089173758327,-0.5062442713663233,-2.136870524977041,8.508255111043406,0,False,True,False
0.3544575795543308,1.1649089173758327,-11.989495419651586,0.6439069250828203,8.539676473408342,0,False,True,False
0.3544575795543308,1.2336578206935114,-31.217271820917414,-0.6200828249443893,8.57109783577328,0,False,True,False
0.3544575795543308,1.2336578206935114,-14.626448767572917,0.7703059000855408,8.602519198138218,0,False,True,False
0.40545353385453337,1.3024067240111508,-10.337192450277866,-0.8623475270329378,8.633940560503156,0,False,True,False
0.40545353385453337,1.3024067240111508,-22.568691915840823,-0.07235393326593222,8.665361922868094,0,False,True,False
0.40545353385453337,1.3024067240111508,3.777803194199029,0.896704875088262,8.696783285233032,0,True,False,False
0.40545353385453337,1.3024067240111508,6.4555933274216954,0.5385744459138861,8.775336691145375,0,False,True,False
0.3544575795543308,1.3024067240111508,-5.669430203891643,-0.4410176103572017,8.806758053510313,0,False,True,False
0.3544575795543308,1.2336578206935114,21.22356673397693,-0.19875290826865277,8.83817941587525,0,False,True,False
0.3544575795543308,1.3024067240111508,1.9871329533476931,1.5918992376032275,8.869600778240187,0,False,False,True
0.30346162525415726,1.2336578206935114,-15.239790542404315,0.14884427298882952,8.916732821787594,0,False,True,False
0.30346162525415726,1.3024067240111508,22.833190194757705,-0.1882196603517592,8.948154184152532,0,False,True,False
0.30346162525415726,1.3024067240111508,3.4237724141314128,0.1383110250719359,8.97957554651747,0,False,True,False
0.30346162525415726,1.3024067240111508,-25.706032904273822,-0.9992797499525524,9.010996908882406,0,True,False,False
0.3544575795543308,1.3711556273288288,31.436878588842568,1.1705693209274908,9.089550314794751,0,False,True,False
0.30346162525415726,1.2336578206935114,28.322099114173195,-1.346876931210035,9.120971677159687,0,False,True,False
0.25246567095395467,1.3024067240111508,12.16924914381166,0.6017739334152468,9.152393039524625,0,False,True,False
0.25246567095395467,1.3024067240111508,-15.829533409826215,-1.926205566639173,9.183814401889563,0,False,True,False
0.20146971665375205,1.2336578206935114,15.12719811104288,0.8335053875869014,9.215235764254501,0,False,True,False
0.09947780805337585,1.0961600140581937,8.828313698878661,0.11724452923814957,9.24665712661944,0,True,False,False
0.048481853753202325,1.0274111107405153,-8.308849511199938,0.3595092313266978,9.325210532531782,0,False,True,False
0.09947780805337585,1.0274111107405153,15.884344077316475,-0.2935521395206933,9.35663189489672,0,False,True,False
0.15047376235357843,1.0961600140581937,0.39841813275292715,0.517507950080099,9.388053257261658,0,False,True,False
0.09947780805337585,1.0961600140581937,-2.6387421018985844,-0.2408858999362262,9.419474619626595,0,False,True,False
0.09947780805337585,1.0274111107405153,38.00378600170588,0.45430846257873836,9.450895981991533,0,True,False,False
0.09947780805337585,1.0961600140581937,-20.665088357668367,0.14884427298882952,9.529449387903878,0,False,False,True
0.15047376235357843,1.0961600140581937,24.041758317220363,1.4865667584342934,9.576581431451283,0,False,False,True
0.15047376235357843,1.1649089173758327,-4.7098347513969205,-0.3778181228558411,9.62371347499869,0,False,False,True
0.25246567095395467,1.2336578206935114,1.529725885696245,-0.5463500895261358,9.670845518546097,0,False,True,False
0.25246567095395467,1.3024067240111508,-18.10340802600415,-1.4416761624620755,9.702266880911035,0,False,False,True
0.20146971665375205,1.3024067240111508,3.48881189933348,-1.9683385583067463,9.74939892445844,0,False,True,False
0.30346162525415726,1.3711556273288288,-20.157050929729984,-0.01968769368146511,9.780820286823378,0,False,False,True
0.25246567095395467,1.3024067240111508,9.427471824305792,-0.5042170978585616,9.827952330370785,0,False,False,True
0.25246567095395467,1.3024067240111508,-1.8399327743225178,-1.884072574971599,9.87508437391819,0,False,False,True
0.25246567095395467,1.3711556273288288,-19.936072458676154,-1.7892733437195583,9.922216417465597,0,False,False,True
0.25246567095395467,1.3711556273288288,-20.62777520217774,-1.1046122291214864,9.969348461013004,0,False,True,False
0.25246567095395467,1.3711556273288288,1.3957258662209306,0.33844273549291143,10.000769823377942,0,True,False,False
0.25246567095395467,1.3711556273288288,-41.07165756806422,-0.34621837910516035,10.079323229290285,0,False,True,False
0.20146971665375205,1.3711556273288288,4.8672234830207435,-0.5358168416092424,10.110744591655223,0,False,True,False
0.20146971665375205,1.3711556273288288,-1.4889685392917404,0.3173762396591243,10.142165954020161,0,False,True,False
0.15047376235357843,1.2336578206935114,-25.869094805695322,0.844038635503795,10.173587316385097,0,False,True,False
0.15047376235357843,1.2336578206935114,36.06151429246325,-0.03022094159835797,10.205008678750035,0,False,True,False
0.15047376235357843,1.1649089173758327,-7.618768140813005,-0.9255470145342986,10.236430041114973,0,False,True,False
0.09947780805337585,1.0274111107405153,-19.70491570076302,-0.409417866606521,10.267851403479911,0,False,True,False
0.09947780805337585,1.0274111107405153,-9.33317266891377,0.38057572716048493,10.299272765844847,0,True,False,False
0.09947780805337585,1.0961600140581937,-50.97957496038432,1.4233672709329328,10.377826171757192,0,False,True,False
0.048481853753202325,1.0274111107405153,-19.29119838190289,0.6544401729997138,10.40924753412213,0,True,False,False
0.048481853753202325,0.9586622074228371,9.80711538290188,0.2331102563239773,10.487800940034473,0,False,True,False
0.09947780805337585,0.9586622074228371,-32.3122578160204,0.46484171049563194,10.519222302399411,0,False,True,False
0.09947780805337585,0.9586622074228371,38.84701994675371,1.0336370980078762,10.55064366476435,0,False,True,False
0.09947780805337585,0.9586622074228371,-20.384148042496122,-0.2619523957700134,10.582065027129287,0,False,True,False
0.048481853753202325,0.9586622074228371,-5.15199620301691,0.06457828965368245,10.613486389494224,0,False,True,False
0.048481853753202325,0.9586622074228371,28.33709171944063,0.6017739334152468,10.644907751859161,0,False,True,False
0.048481853753202325,0.8899133041051979,-25.341975163581466,-1.020346245786339,10.6763291142241,0,False,True,False
0.048481853753202325,0.9586622074228371,-32.49942839463939,-1.7892733437195583,10.707750476589037,0,False,True,False
0.09947780805337585,1.0961600140581937,-15.527770756855857,1.7814977001073087,10.739171838953975,0,False,True,False
0.09947780805337585,1.0961600140581937,0.4883230883972335,0.08564478548746891,10.770593201318912,0,False,False,True
0.09947780805337585,1.0961600140581937,-27.437946756793895,-0.4515508582740945,10.817725244866319,0,False,True,False
0.09947780805337585,1.0961600140581937,18.030774505471758,-1.1783449645397401,10.849146607231257,0,True,False,False
0.09947780805337585,1.1649089173758327,-13.461380228410587,0.8756383792544749,10.9277000131436,0,False,True,False
0.09947780805337585,1.1649089173758327,1.8916219539018886,-0.272485643686907,10.959121375508538,0,False,False,True
0.15047376235357843,1.1649089173758327,-36.98688945939059,0.1593775209057231,11.006253419055945,0,False,True,False
0.09947780805337585,1.0961600140581937,4.153144684934604,-0.10395367701661216,11.037674781420883,0,False,True,False
0.09947780805337585,1.1649089173758327,14.505566527688126,-0.9992797499525524,11.069096143785819,0,False,True,False
0.15047376235357843,1.1649089173758327,26.31684120873283,-1.2836774437086744,11.100517506150757,0,False,True,False
0.15047376235357843,1.2336578206935114,-13.773754206283497,-0.2408858999362262,11.131938868515695,0,False,True,False
0.15047376235357843,1.2336578206935114,24.93839596490804,0.6333736771659267,11.163360230880633,0,False,True,False
0.15047376235357843,1.3024067240111508,-54.30409247877688,0.1699107688226167,11.19478159324557,0,False,False,True
0.15047376235357843,1.3024067240111508,-51.32857285393341,-0.8939472707836182,11.241913636792976,0,False,True,False
0.20146971665375205,1.3024067240111508,-15.504492282027885,0.9177713709220491,11.273334999157914,0,False,True,False
0.20146971665375205,1.3711556273288288,-26.225061232736945,-1.0098129978694461,11.304756361522852,0,False,False,True
0.15047376235357843,1.3024067240111508,-0.9009127101574794,0.9493711146727289,11.351888405070257,0,True,False,False
0.15047376235357843,1.2336578206935114,-19.90466475975489,-0.6622158166119628,11.430441810982602,0,False,False,True
0.15047376235357843,1.1649089173758327,10.917799479692233,-1.4416761624620755,11.477573854530009,0,False,True,False
0.15047376235357843,1.2336578206935114,-19.181634495164236,-2.2632694999797627,11.508995216894945,0,True,False,False
0.20146971665375205,1.2336578206935114,22.021018443729428,-0.7254153041133234,11.58754862280729,1,False,False,True
0.20146971665375205,1.2336578206935114,-16.771714851338608,0.5385744459138861,8.30401625567131,0,False,False,True
0.20146971665375205,1.1649089173758327,-12.304552535201042,0.5912406854983533,8.351148299218718,0,False,True,False
0.20146971665375205,1.2336578206935114,14.131925826481316,-2.7899318958244326,8.382569661583656,0,True,False,False
0.20146971665375205,1.2336578206935114,-4.082444594556134,1.813097443857989,8.461123067495999,0,False,True,False
0.15047376235357843,1.2336578206935114,0.10719603393171484,-2.147403772893935,8.492544429860937,0,False,True,False
0.15047376235357843,1.1649089173758327,-31.19375783073939,0.7913723959193278,8.523965792225873,0,False,True,False
0.15047376235357843,1.2336578206935114,-3.449819435720339,-0.735948552030217,8.555387154590811,0,False,True,False
0.15047376235357843,1.1649089173758327,-10.669738662265727,1.6024324855201209,8.586808516955749,0,False,True,False
0.09947780805337585,1.0961600140581937,22.604846740461312,-1.4311429145451824,8.618229879320687,0,False,True,False
0.09947780805337585,1.0961600140581937,-2.399331946409986,-1.3679434270438218,8.649651241685625,0,False,True,False
0.09947780805337585,1.0961600140581937,-0.2868449760844173,0.6755066688335002,8.681072604050563,0,False,False,True
0.09947780805337585,1.0274111107405153,15.881835335770132,-0.3356851311882676,8.728204647597968,0,True,False,False
0.09947780805337585,0.9586622074228371,19.141699165688582,0.10671128132125599,8.806758053510313,0,False,True,False
0.09947780805337585,0.9586622074228371,-19.313586184219535,0.8229721396700078,8.83817941587525,0,False,True,False
0.09947780805337585,0.9586622074228371,-55.91819910672299,-0.21981940410243986,8.869600778240187,0,False,True,False
0.048481853753202325,0.8899133041051979,-29.7903351390969,-0.6516825686950699,8.901022140605125,0,False,False,True
0.048481853753202325,0.9586622074228371,-20.949777640057526,-0.9150137666174049,8.948154184152532,0,False,True,False
-0.002514100547000166,0.8899133041051979,2.6593709501682476,-0.08288718118282508,8.97957554651747,0,False,True,False
-0.002514100547000166,0.8211644007875195,-18.86650214381313,0.3279094875760179,9.010996908882406,0,True,False,False
-0.05351005484720276,0.8211644007875195,-25.4089299061696,1.0125706021740897,9.089550314794751,0,True,False,False
-0.05351005484720276,0.8899133041051979,-21.719376893841122,1.0547035938416633,9.168103720707094,0,False,False,True
-0.10450600914737639,0.7524154974698803,-43.31766667721484,0.6439069250828203,9.215235764254501,0,False,True,False
-0.15550196344757897,0.7524154974698803,-19.001731801015517,-0.7991480395315776,9.24665712661944,0,False,True,False
-0.20649791774775259,0.683666594152202,-31.865284533194256,-0.3883513707727347,9.278078488984375,0,False,True,False
-0.20649791774775259,0.6149176908345236,4.60791443984641,-0.03022094159835797,9.309499851349313,0,False,False,True
-0.2574938720479552,0.5461687875168845,10.690103604863316,-0.7991480395315776,9.35663189489672,0,True,False,False
-0.2574938720479552,0.5461687875168845,-15.653841475235794,1.5708327417694403,9.435185300809064,0,False,True,False
-0.2574938720479552,0.5461687875168845,-5.554262435311519,-0.1882196603517592,9.466606663174002,0,False,True,False
-0.20649791774775259,0.6149176908345236,-7.395909335472049,-1.2626109478748875,9.49802802553894,0,False,True,False
-0.20649791774775259,0.5461687875168845,-32.902429726619886,1.0441703459247695,9.529449387903878,0,False,True,False
-0.15550196344757897,0.683666594152202,-22.405068184942387,1.0336370980078762,9.560870750268815,0,False,False,True
-0.15550196344757897,0.6149176908345236,30.02060637789577,0.04351179381989538,9.60800279381622,0,False,True,False
-0.15550196344757897,0.683666594152202,0.29472965491607184,0.2857764959084444,9.639424156181159,0,False,False,True
-0.15550196344757897,0.6149176908345236,10.072598493997594,-0.8307477832822575,9.686556199728566,0,False,False,True
-0.20649791774775259,0.6149176908345236,15.044843359829699,-0.8623475270329378,9.73368824327597,0,False,True,False
-0.2574938720479552,0.5461687875168845,-29.121543860436123,0.10671128132125599,9.765109605640909,0,False,True,False
-0.2574938720479552,0.47741988419920617,-16.31076291374413,-0.051287437432145144,9.796530968005847,0,False,False,True
-0.20649791774775259,0.5461687875168845,-14.782617068232515,1.0968365855092368,9.843663011553254,0,False,False,True
-0.2574938720479552,0.47741988419920617,12.23537772686269,0.1383110250719359,9.890795055100659,0,False,False,True
-0.2574938720479552,0.47741988419920617,-0.4102824125141451,0.09617803340436248,9.937927098648066,0,False,True,False
-0.2574938720479552,0.47741988419920617,-14.157613821764738,0.6017739334152468,9.969348461013004,0,False,True,False
-0.20649791774775259,0.5461687875168845,-6.418362168990987,0.2541767521577636,10.000769823377942,0,False,True,False
-0.20649791774775259,0.47741988419920617,-21.081611690420445,1.275901800096425,10.032191185742878,0,False,True,False
-0.2574938720479552,0.5461687875168845,4.135989305754514,1.3075015438471052,10.063612548107816,0,False,True,False
-0.20649791774775259,0.5461687875168845,-33.27422452368359,-0.9571467582849789,10.095033910472754,0,False,True,False
-0.20649791774775259,0.5461687875168845,7.960768551282557,0.7281729084179673,10.126455272837692,0,False,True,False
-0.20649791774775259,0.5461687875168845,-39.16623587824632,0.08564478548746891,10.157876635202628,0,False,True,False
-0.20649791774775259,0.6149176908345236,-10.25090357473766,-0.9255470145342986,10.189297997567566,0,True,False,False
-0.15550196344757897,0.7524154974698803,-23.733788705633902,-1.020346245786339,10.267851403479911,0,False,False,True
-0.20649791774775259,0.683666594152202,-9.199385827725061,-1.0308794937032326,10.314983447027316,0,True,False,False
-0.20649791774775259,0.683666594152202,7.448860442150417,-0.5252835936923488,10.393536852939661,0,False,True,False
-0.15550196344757897,0.7524154974698803,17.54854692125335,-0.3778181228558411,10.4249582153046,0,False,True,False
-0.20649791774775259,0.6149176908345236,-11.910227697029631,0.09617803340436248,10.456379577669535,0,False,True,False
-0.20649791774775259,0.683666594152202,-1.1370814141247967,-0.71488205619643,10.487800940034473,0,False,True,False
-0.15550196344757897,0.7524154974698803,-22.97002612889082,-0.9044805187005117,10.519222302399411,0,False,True,False
-0.15550196344757897,0.7524154974698803,24.181824649992652,0.7492394042517544,10.55064366476435,0,True,False,False
-0.15550196344757897,0.7524154974698803,1.1614884544686042,-0.9887465020356588,10.629197070676693,0,False,True,False
-0.10450600914737639,0.8211644007875195,-15.677649522703295,-1.4416761624620755,10.66061843304163,0,False,False,True
-0.05351005484720276,0.8899133041051979,6.646878188629523,0.6017739334152468,10.707750476589037,0,False,True,False
-0.002514100547000166,0.9586622074228371,-4.766552472262186,-0.5779498332768158,10.739171838953975,0,True,False,False
-0.05351005484720276,0.9586622074228371,-18.077251188481025,-1.167811716622847,10.817725244866319,0,False,True,False
-0.05351005484720276,0.9586622074228371,-15.104159152634466,-0.3146186353544804,10.849146607231257,0,True,False,False
-0.05351005484720276,0.8899133041051979,6.233997115850007,1.2969682959302113,10.9277000131436,0,False,True,False
-0.05351005484720276,0.8899133041051979,-8.443666267991945,0.12777777715504315,10.959121375508538,0,False,False,True
-0.10450600914737639,0.8211644007875195,-0.6703483599614939,0.00137880215232186,11.006253419055945,0,False,True,False
-0.15550196344757897,0.7524154974698803,-18.82018750126312,0.517507950080099,11.037674781420883,0,False,True,False
-0.15550196344757897,0.8211644007875195,3.90604823359125,1.275901800096425,11.069096143785819,0,False,True,False
-0.10450600914737639,0.8899133041051979,18.398439067910978,-0.4831506020247752,11.100517506150757,0,False,True,False
-0.15550196344757897,0.8211644007875195,-25.665372970474692,0.24364350424087003,11.131938868515695,0,False,False,True
-0.15550196344757897,0.8211644007875195,5.3755726754315845,-1.7155406083013045,11.179070912063102,0,False,True,False
-0.15550196344757897,0.7524154974698803,-0.6801283027849678,-0.767548295780897,11.210492274428038,0,False,False,True
-0.10450600914737639,0.7524154974698803,16.16258962785394,0.7703059000855408,11.257624317975445,0,False,True,False
-0.10450600914737639,0.7524154974698803,-2.892854007365668,-2.347535483314909,11.289045680340383,0,False,True,False
-0.15550196344757897,0.7524154974698803,-25.43172884960311,0.10671128132125599,11.320467042705321,0,False,True,False
-0.15550196344757897,0.683666594152202,10.71337328886391,-1.5364753937141165,11.351888405070257,0,False,True,False
-0.20649791774775259,0.6149176908345236,-28.053739009583378,0.6649734209166066,11.383309767435195,0,False,True,False
-0.20649791774775259,0.6149176908345236,15.687503687205995,-0.12502017285039935,11.414731129800133,0,False,False,True
-0.15550196344757897,0.683666594152202,-5.6934632856434195,-1.9999383020574266,11.461863173347538,0,False,True,False
-0.15550196344757897,0.6149176908345236,10.929370293608303,-0.2935521395206933,11.493284535712476,0,False,False,True
-0.20649791774775259,0.6149176908345236,-1.511574844205908,-1.073012485370806,11.540416579259883,0,False,False,True
-0.20649791774775259,0.6149176908345236,28.02915647017874,2.6557572772094624,11.58754862280729,1,False,True,False
-0.2574938720479552,0.5461687875168845,4.814713206897425,-1.8630060791378122,11.618969985172228,0,False,True,False
-0.30848982634815775,0.47741988419920617,-4.886657596478078,0.6017739334152468,11.650391347537164,0,False,True,False
-0.30848982634815775,0.5461687875168845,13.44944612500181,1.4655002626005063,11.681812709902102,1,False,True,False
-0.30848982634815775,0.5461687875168845,-37.42951730788238,-0.6727490645288564,11.71323407226704,0,False,True,False
-0.30848982634815775,0.47741988419920617,9.523909208193594,0.6017739334152468,11.744655434631978,0,False,False,True
-0.3594857806483313,0.47741988419920617,6.355365652634084,0.9388378667558356,11.791787478179383,0,False,False,True
-0.4104817349485339,0.47741988419920617,21.297030703352117,-1.3679434270438218,11.83891952172679,1,False,True,False
-0.3594857806483313,0.5461687875168845,-8.55585761962413,0.2541767521577636,8.30401625567131,0,False,True,False
-0.3594857806483313,0.6149176908345236,-18.95637636076737,-1.5680751374647965,8.335437618036249,0,False,False,True
-0.3594857806483313,0.6149176908345236,16.619415912624234,-0.7991480395315776,8.382569661583656,0,False,True,False
-0.30848982634815775,0.6149176908345236,14.645171229707358,0.011912050069215451,8.413991023948592,0,False,False,True
-0.30848982634815775,0.6149176908345236,11.249566659995768,-1.2836774437086744,8.461123067495999,0,False,True,False
-0.30848982634815775,0.6149176908345236,-6.1063874066427095,0.7703059000855408,8.492544429860937,0,False,False,True
-0.3594857806483313,0.5461687875168845,6.962293002250709,0.37004247924359135,8.539676473408342,0,False,True,False
-0.4104817349485339,0.47741988419920617,17.281533053570406,0.2752432479915508,8.57109783577328,0,False,True,False
-0.4104817349485339,0.47741988419920617,-19.667688801409188,0.42270871882805844,8.602519198138218,0,False,True,False
-0.3594857806483313,0.5461687875168845,-15.177903319749827,0.7281729084179673,8.633940560503156,0,False,True,False
-0.4104817349485339,0.47741988419920617,-13.183030660895085,-1.11514547703838,8.665361922868094,0,True,False,False
-0.4104817349485339,0.40867098088156695,23.90293397595625,-0.7043488082795372,8.743915328780437,0,False,True,False
-0.4104817349485339,0.33992207756388854,-16.962515379874844,0.9388378667558356,8.775336691145375,0,True,False,False
-0.4104817349485339,0.33992207756388854,-23.695625899541856,-0.68328231244575,8.853890097057718,0,False,False,True
-0.4104817349485339,0.33992207756388854,-8.699469271808162,0.6123071813321396,8.901022140605125,0,False,True,False
-0.4614776892487076,0.33992207756388854,9.402015154262457,0.3279094875760179,8.932443502970063,0,False,True,False
-0.4104817349485339,0.40867098088156695,-8.911217496918479,2.3081600959519792,8.963864865335001,0,False,True,False
-0.4614776892487076,0.40867098088156695,-9.94724699468153,-0.3040853874375869,8.995286227699937,0,False,True,False
-0.4614776892487076,0.33992207756388854,-21.81321590106546,-0.23035265201933344,9.026707590064875,0,False,True,False
-0.5124736435489101,0.2711731742462103,-32.55630442602554,-0.5990163291106029,9.058128952429813,0,False,True,False
-0.5634695978491128,0.20242427092857102,32.373325077304564,-0.5042170978585616,9.089550314794751,0,False,False,True
-0.4614776892487076,0.33992207756388854,-7.514581121515551,0.3173762396591243,9.136682358342156,0,False,False,True
-0.5124736435489101,0.33992207756388854,23.61577341903563,-1.2731441957917813,9.183814401889563,0,False,True,False
-0.4614776892487076,0.33992207756388854,0.557767244037215,1.5708327417694403,9.215235764254501,0,False,True,False
-0.4614776892487076,0.33992207756388854,-24.35997145518676,-0.5042170978585616,9.24665712661944,0,False,True,False
-0.4614776892487076,0.33992207756388854,-5.216848519160377,-0.35675162702205393,9.278078488984375,0,False,True,False
-0.4614776892487076,0.33992207756388854,15.237469440484926,2.2554938563675124,9.309499851349313,0,False,True,False
-0.4614776892487076,0.2711731742462103,-24.444860211546196,1.202169064678171,9.340921213714251,0,False,False,True
-0.4614776892487076,0.2711731742462103,2.6822627640903307,0.9809708584234093,9.388053257261658,0,False,False,True
-0.4614776892487076,0.33992207756388854,-15.07111801684559,-1.3258104353762483,9.435185300809064,0,False,True,False
-0.4614776892487076,0.33992207756388854,1.64102492369973,-1.3784766749607154,9.466606663174002,0,False,True,False
-0.4614776892487076,0.33992207756388854,13.861211838646117,0.9283046188389419,9.49802802553894,0,False,True,False
-0.4614776892487076,0.40867098088156695,-14.870479516986332,1.0231038500909833,9.529449387903878,0,False,True,False
-0.4614776892487076,0.40867098088156695,-22.125646842376934,0.33844273549291143,9.560870750268815,0,False,False,True
-0.4104817349485339,0.40867098088156695,-0.006627122913234508,-0.03022094159835797,9.60800279381622,0,False,True,False
-0.4104817349485339,0.40867098088156695,28.318297014840958,1.1495028250937038,9.639424156181159,0,False,False,True
-0.4104817349485339,0.40867098088156695,-26.326398592180105,0.11724452923814957,9.686556199728566,0,False,True,False
-0.4614776892487076,0.40867098088156695,-16.933920275333968,-1.4732759062127558,9.717977562093502,0,False,True,False
-0.4614776892487076,0.2711731742462103,-8.918262991927598,0.5596409417476725,9.74939892445844,0,False,True,False
-0.5124736435489101,0.2711731742462103,0.33501618027017344,1.0125706021740897,9.780820286823378,0,False,True,False
-0.5124736435489101,0.2711731742462103,-25.679693734700002,0.1593775209057231,9.812241649188316,0,False,True,False
-0.5634695978491128,0.13367536761089277,-20.525377349542417,-2.1052707812263605,9.843663011553254,0,False,False,True
-0.5124736435489101,0.20242427092857102,-32.66436853995518,-1.0835457332876999,9.890795055100659,0,False,False,True
-0.4614776892487076,0.2711731742462103,-38.636200310568654,1.5286997501018669,9.937927098648066,0,True,False,False
-0.5124736435489101,0.2711731742462103,33.210968254869954,-0.12502017285039935,10.016480504560409,0,False,True,False
-0.5124736435489101,0.20242427092857102,18.96180123334274,3.0138877063838376,10.047901866925347,1,False,False,True
-0.5124736435489101,0.20242427092857102,9.135262964783074,-0.009154445764571625,10.095033910472754,0,False,True,False
-0.5124736435489101,0.2711731742462103,-6.2319220782432065,-1.2626109478748875,10.126455272837692,0,False,True,False
-0.5634695978491128,0.20242427092857102,-7.163308479247369,0.433241966744952,10.157876635202628,0,False,True,False
-0.5124736435489101,0.2711731742462103,-18.161878471708505,-0.01968769368146511,10.189297997567566,0,False,True,False
-0.5124736435489101,0.2711731742462103,13.476158005220755,0.5491076938307797,10.220719359932504,0,False,False,True
-0.5124736435489101,0.2711731742462103,29.202728417350226,-1.9788718062236397,10.267851403479911,0,False,True,False
-0.5124736435489101,0.2711731742462103,-13.630674908504917,-0.409417866606521,10.299272765844847,0,False,True,False
-0.4614776892487076,0.2711731742462103,-29.683431920374247,-0.9466135103680854,10.330694128209785,0,False,True,False
-0.5124736435489101,0.2711731742462103,11.99619824725797,-0.3040853874375869,10.362115490574723,0,False,False,True
-0.5124736435489101,0.2711731742462103,11.574850991740155,-0.9360802624511917,10.40924753412213,0,False,True,False
-0.5124736435489101,0.33992207756388854,37.40911215363418,1.7709644521904149,10.440668896487068,0,True,False,False
-0.5124736435489101,0.40867098088156695,29.33587095560881,-0.6095495770274958,10.519222302399411,0,False,False,True
-0.4614776892487076,0.40867098088156695,-29.653344917529598,-0.03022094159835797,10.566354345946818,0,False,True,False
-0.4614776892487076,0.33992207756388854,-19.503570695384997,-0.16715316451797285,10.597775708311755,0,False,True,False
-0.4614776892487076,0.40867098088156695,-27.449064618282588,0.844038635503795,10.629197070676693,0,True,False,False
-0.4104817349485339,0.40867098088156695,-8.310912098897075,0.8861716271713684,10.707750476589037,0,True,False,False
-0.4614776892487076,0.40867098088156695,33.27354641653061,-1.6944741124675178,10.78630388250138,0,False,True,False
-0.4104817349485339,0.40867098088156695,-19.908959712514672,-0.9887465020356588,10.817725244866319,0,True,False,False
-0.4614776892487076,0.40867098088156695,-3.023016397876483,1.002037354257196,10.896278650778662,0,False,False,True
-0.4614776892487076,0.40867098088156695,-11.570587143229654,-1.2626109478748875,10.943410694326069,0,True,False,False
-0.4614776892487076,0.40867098088156695,-1.2642454933774725,-1.6734076166337306,11.021964100238414,0,False,True,False
-0.4104817349485339,0.47741988419920617,13.744996780923113,-0.3883513707727347,11.053385462603352,0,False,True,False
-0.4104817349485339,0.5461687875168845,-23.853155495904314,-0.01968769368146511,11.084806824968288,0,False,False,True
-0.4104817349485339,0.5461687875168845,17.154827171120726,-1.0098129978694461,11.131938868515695,0,True,False,False
-0.4614776892487076,0.5461687875168845,14.95895180005643,-0.16715316451797285,11.210492274428038,0,False,False,True
-0.4614776892487076,0.47741988419920617,-15.847676017968846,1.1705693209274908,11.257624317975445,0,False,True,False
-0.5634695978491128,0.40867098088156695,-14.914177175164125,1.328568039680892,11.289045680340383,0,False,True,False
-0.5124736435489101,0.40867098088156695,-39.925741183667796,-1.8735393270547058,11.320467042705321,0,False,False,True
-0.5634695978491128,0.33992207756388854,-6.665591255981399,-1.136211972872167,11.367599086252726,0,False,True,False
-0.5634695978491128,0.40867098088156695,-1.2497329254036391,-1.5470086416310096,11.399020448617664,0,False,False,True
-0.6144655521492863,0.33992207756388854,9.432019323701166,1.3496345355146782,11.446152492165071,0,False,True,False
-0.6144655521492863,0.33992207756388854,-10.619422821948024,1.6656319730214808,11.477573854530009,0,True,False,False
-0.6144655521492863,0.33992207756388854,4.467845091623485,0.6755066688335002,11.556127260442352,0,False,True,False
-0.6144655521492863,0.40867098088156695,-15.277923225982867,-1.5364753937141165,11.58754862280729,0,False,True,False
-0.6144655521492863,0.40867098088156695,42.18770944281738,-0.09342042909971857,11.618969985172228,0,False,True,False
-0.5634695978491128,0.40867098088156695,11.450819973767393,-0.12502017285039935,11.650391347537164,0,True,False,False
-0.5634695978491128,0.47741988419920617,14.424270540142517,-0.6727490645288564,11.72894475344951,0,False,False,True
-0.5634695978491128,0.40867098088156695,25.96035965586249,-0.735948552030217,11.776076796996914,0,True,False,False
-0.6144655521492863,0.40867098088156695,33.138105184225346,-0.7043488082795372,8.30401625567131,0,False,True,False
-0.5634695978491128,0.40867098088156695,-25.136572492354816,1.3391012875977857,8.335437618036249,0,False,True,False
-0.6144655521492863,0.33992207756388854,-29.315349928157755,-0.7570150478640042,8.366858980401187,0,False,False,True
-0.5634695978491128,0.40867098088156695,19.06159986409836,-0.19875290826865277,8.413991023948592,0,False,True,False
-0.6144655521492863,0.40867098088156695,10.594566204392244,-0.6516825686950699,8.44541238631353,0,False,False,True
-0.5634695978491128,0.40867098088156695,13.032803808763646,0.4016422229942713,8.492544429860937,0,False,True,False
-0.5634695978491128,0.40867098088156695,-1.4878603612956782,-0.4410176103572017,8.523965792225873,0,False,False,True
-0.5634695978491128,0.33992207756388854,-6.134940793334698,-1.3784766749607154,8.57109783577328,0,False,True,False
-0.5634695978491128,0.33992207756388854,-25.34039094728155,-0.009154445764571625,8.602519198138218,0,True,False,False
-0.5634695978491128,0.2711731742462103,18.742180298549627,0.46484171049563194,8.681072604050563,0,False,False,True
-0.5634695978491128,0.33992207756388854,-21.997562167548505,-0.15661991660107927,8.728204647597968,0,False,False,True
-0.5634695978491128,0.2711731742462103,-3.214850126146489,-1.4416761624620755,8.775336691145375,0,False,True,False
-0.5634695978491128,0.20242427092857102,13.612872294727298,-0.10395367701661216,8.806758053510313,0,False,True,False
-0.6144655521492863,0.13367536761089277,-4.302848927832487,-0.7254153041133234,8.83817941587525,0,False,False,True
-0.6654615064494889,0.0649264642932535,20.838050923524612,0.5912406854983533,8.885311459422656,0,True,False,False
-0.6654615064494889,-0.003822439024424742,1.7830214784886524,-0.8623475270329378,8.963864865335001,0,False,True,False
-0.6654615064494889,0.0649264642932535,-32.543784503186195,-0.2514191478531198,8.995286227699937,0,False,True,False
-0.6654615064494889,0.0649264642932535,-9.244331676378078,-0.6200828249443893,9.026707590064875,0,False,False,True
-0.6654615064494889,0.0649264642932535,-8.326235344804248,-0.9360802624511917,9.073839633612282,0,False,True,False
-0.6144655521492863,0.13367536761089277,24.295499000262907,0.10671128132125599,9.10526099597722,0,False,True,False
-0.6654615064494889,0.0649264642932535,13.399198453187555,1.1284363292599173,9.136682358342156,0,False,False,True
-0.6144655521492863,0.0649264642932535,-0.5288118567439231,0.42270871882805844,9.183814401889563,0,True,False,False
-0.6654615064494889,0.0649264642932535,-19.280573918113173,0.2647100000746572,9.262367807801908,0,False,False,True
-0.6654615064494889,0.0649264642932535,23.23505993926489,3.129753433469666,9.309499851349313,1,False,False,True
-0.6654615064494889,0.0649264642932535,36.19191789466633,0.5596409417476725,9.35663189489672,0,False,True,False
-0.6654615064494889,-0.003822439024424742,-4.6131378818811655,0.022445297986108937,9.388053257261658,0,False,False,True
-0.6654615064494889,-0.07257134234210309,-8.61889283017738,-0.03022094159835797,9.435185300809064,0,False,True,False
-0.6144655521492863,-0.003822439024424742,35.497560515122636,1.3391012875977857,9.466606663174002,0,False,False,True
-0.6144655521492863,-0.003822439024424742,-34.859190287771625,-0.15661991660107927,9.513738706721409,0,False,False,True
-0.6144655521492863,-0.003822439024424742,-38.85657293977069,0.517507950080099,9.560870750268815,0,False,False,True
-0.6144655521492863,-0.07257134234210309,21.36470828574461,-0.9887465020356588,9.60800279381622,0,False,True,False
-0.6654615064494889,-0.14132024565974236,-2.869354864111433,0.07511153757057605,9.639424156181159,0,True,False,False
-0.6144655521492863,-0.14132024565974236,-7.766533697043282,0.00137880215232186,9.717977562093502,0,False,True,False
-0.6654615064494889,-0.2100691489774206,11.644153509152282,-1.0098129978694461,9.74939892445844,0,False,True,False
-0.6654615064494889,-0.2100691489774206,27.22235014695491,-0.07235393326593222,9.780820286823378,0,True,False,False
-0.6654615064494889,-0.2100691489774206,-8.324490498085844,0.6017739334152468,9.859373692735723,0,False,True,False
-0.6144655521492863,-0.2100691489774206,7.985536620160082,0.812438891753115,9.890795055100659,0,False,False,True
-0.6144655521492863,-0.27881805229505985,18.075742871343394,1.0547035938416633,9.937927098648066,0,False,True,False
-0.6654615064494889,-0.27881805229505985,-23.123431731284565,0.517507950080099,9.969348461013004,0,False,True,False
-0.6654615064494889,-0.3475669556127382,12.406144953973852,0.04351179381989538,10.000769823377942,0,True,False,False
-0.6654615064494889,-0.3475669556127382,-10.194421456674982,0.6333736771659267,10.079323229290285,0,False,False,True
-0.6654615064494889,-0.3475669556127382,-40.74587850765784,-0.12502017285039935,10.126455272837692,0,False,False,True
-0.7164574607496625,-0.3475669556127382,14.681395266028636,-0.6095495770274958,10.173587316385097,0,True,False,False
-0.6654615064494889,-0.27881805229505985,23.80586043816033,1.8025641959410958,10.252140722297442,0,False,False,True
-0.7164574607496625,-0.3475669556127382,28.12871986595559,1.2864350480133186,10.299272765844847,0,False,True,False
-0.6144655521492863,-0.2100691489774206,-16.447314134306644,1.0125706021740897,10.330694128209785,0,False,True,False
-0.6144655521492863,-0.2100691489774206,45.45586887532114,-0.10395367701661216,10.362115490574723,0,False,True,False
-0.6144655521492863,-0.2100691489774206,17.44816473274679,0.9177713709220491,10.393536852939661,0,False,False,True
-0.6144655521492863,-0.2100691489774206,29.94913013652605,0.42270871882805844,10.440668896487068,0,False,True,False
-0.6144655521492863,-0.2100691489774206,40.20365774753319,0.896704875088262,10.472090258852004,0,False,False,True
-0.6144655521492863,-0.2100691489774206,17.946449894644143,0.7703059000855408,10.519222302399411,0,False,False,True
-0.5124736435489101,-0.14132024565974236,1.7716862352723388,-2.5371339458189905,10.566354345946818,0,False,False,True
-0.5634695978491128,-0.2100691489774206,-9.667920200024394,0.9283046188389419,10.613486389494224,0,False,True,False
-0.6144655521492863,-0.2100691489774206,34.51174470175686,-0.4936838499416688,10.644907751859161,0,False,False,True
-0.6144655521492863,-0.2100691489774206,13.867423290238163,-1.2099447082904207,10.692039795406568,0,False,True,False
-0.6144655521492863,-0.2100691489774206,-15.295502002540104,0.03297854590300179,10.723461157771506,0,False,False,True
-0.6144655521492863,-0.2100691489774206,-17.304233694329145,-0.19875290826865277,10.770593201318912,0,False,False,True
-0.6144655521492863,-0.2100691489774206,16.030291430208788,-1.094078981204593,10.817725244866319,0,False,True,False
-0.6654615064494889,-0.2100691489774206,-13.12563350819676,0.06457828965368245,10.849146607231257,0,False,True,False
-0.6144655521492863,-0.14132024565974236,13.85801917024988,0.865105131337582,10.880567969596195,0,True,False,False
-0.6144655521492863,-0.2100691489774206,22.1054687656011,0.04351179381989538,10.959121375508538,0,False,True,False
-0.6144655521492863,-0.14132024565974236,21.34459050719611,-0.43048436244030813,10.990542737873476,0,True,False,False
-0.6654615064494889,-0.2100691489774206,-18.937836387700543,-0.4515508582740945,11.069096143785819,0,False,True,False
-0.6654615064494889,-0.27881805229505985,-15.009669272738114,-0.9360802624511917,11.100517506150757,0,False,True,False
-0.6654615064494889,-0.27881805229505985,1.6691848297420986,0.2857764959084444,11.131938868515695,0,False,False,True
-0.6654615064494889,-0.3475669556127382,8.851086306531581,-0.6727490645288564,11.179070912063102,0,False,False,True
-0.6654615064494889,-0.27881805229505985,0.5379416215880694,0.8545718834206886,11.226202955610507,0,False,False,True
-0.6654615064494889,-0.27881805229505985,-14.806918898966135,-1.4522094103789693,11.273334999157914,0,False,False,True
-0.7164574607496625,-0.27881805229505985,-5.2848322158328696,-0.325151883271374,11.320467042705321,0,False,True,False
-0.6654615064494889,-0.27881805229505985,-47.43995501443549,1.6445654771876945,11.351888405070257,0,False,True,False
-0.7164574607496625,-0.27881805229505985,-14.039392563770626,1.0863033375923432,11.383309767435195,0,False,True,False
-0.6654615064494889,-0.27881805229505985,-16.645481952044168,0.7071064125841808,11.414731129800133,0,False,True,False
-0.7164574607496625,-0.27881805229505985,3.4570093552551158,2.044828898029644,11.446152492165071,0,False,False,True
-0.7674534150498651,-0.3475669556127382,-11.424442150272728,0.6649734209166066,11.493284535712476,1,False,True,False
-0.6654615064494889,-0.2100691489774206,-45.56694517373112,-0.272485643686907,8.30401625567131,0,False,True,False
-0.7164574607496625,-0.27881805229505985,-23.2239763690857,0.2541767521577636,8.335437618036249,0,False,False,True
-0.7164574607496625,-0.27881805229505985,12.59020450481344,-0.4410176103572017,8.382569661583656,0,False,True,False
-0.7164574607496625,-0.3475669556127382,11.78836219448093,0.45430846257873836,8.413991023948592,0,False,True,False
-0.7164574607496625,-0.27881805229505985,-12.84974792666238,2.37135958345334,8.44541238631353,0,False,True,False
-0.6144655521492863,-0.2100691489774206,14.848728504429543,0.5280411979969926,8.476833748678468,0,False,True,False
-0.5634695978491128,-0.14132024565974236,8.128902325444827,0.9493711146727289,8.508255111043406,0,False,True,False
-0.6144655521492863,-0.14132024565974236,15.164286018347127,-0.35675162702205393,8.539676473408342,0,False,False,True
-0.5634695978491128,-0.14132024565974236,-39.68008447759889,-1.8103398395533452,8.586808516955749,0,False,False,True
-0.5634695978491128,-0.14132024565974236,39.17130459444547,1.0441703459247695,8.633940560503156,0,False,True,False
-0.5634695978491128,-0.14132024565974236,-3.7698701169569397,0.2225770084070837,8.665361922868094,0,False,True,False
-0.6144655521492863,-0.2100691489774206,18.2114114180614,-2.042071293725,8.696783285233032,0,False,True,False
-0.6144655521492863,-0.14132024565974236,-7.239620356137274,-0.6727490645288564,8.728204647597968,0,False,True,False
-0.6654615064494889,-0.2100691489774206,-10.794794511134699,-1.926205566639173,8.759626009962906,0,False,True,False
-0.6144655521492863,-0.2100691489774206,20.99918015883441,0.5069747021632055,8.791047372327844,0,False,False,True
-0.6654615064494889,-0.2100691489774206,9.838901680569405,1.1073698334261304,8.83817941587525,0,False,False,True
-0.6144655521492863,-0.2100691489774206,25.849916283994276,2.4661588147053806,8.885311459422656,0,False,True,False
-0.6144655521492863,-0.27881805229505985,-15.118232211700956,0.865105131337582,8.916732821787594,0,False,False,True
-0.6144655521492863,-0.14132024565974236,-22.51684622155566,0.9809708584234093,8.963864865335001,0,False,True,False
-0.6144655521492863,-0.2100691489774206,-25.90024045319432,1.0863033375923432,8.995286227699937,0,False,True,False
-0.6144655521492863,-0.07257134234210309,-23.716515904552008,2.276560352201299,9.026707590064875,0,False,False,True
-0.6144655521492863,-0.07257134234210309,-26.511158198053078,-0.8518142791160447,9.073839633612282,0,False,True,False
-0.5634695978491128,-0.003822439024424742,0.04057373468864456,-1.5048756499634361,9.10526099597722,0,False,True,False
-0.6144655521492863,-0.003822439024424742,-39.032074699712986,-0.17768641243486635,9.136682358342156,0,True,False,False
-0.5634695978491128,-0.003822439024424742,2.1857645883703656,-1.3363436832931415,9.215235764254501,0,False,True,False
-0.6144655521492863,-0.07257134234210309,22.81291564292567,-0.5042170978585616,9.24665712661944,0,False,False,True
-0.6144655521492863,-0.2100691489774206,10.232675526242048,0.3279094875760179,9.293789170166844,0,False,True,False
-0.6144655521492863,-0.14132024565974236,6.424903609459313,-0.12502017285039935,9.325210532531782,0,True,False,False
-0.5634695978491128,-0.07257134234210309,26.29945535566447,-0.3040853874375869,9.403763938444127,0,False,False,True
-0.6144655521492863,-0.07257134234210309,-55.79772912591044,0.759772652168648,9.450895981991533,0,False,True,False
-0.5634695978491128,-0.07257134234210309,0.1753070182544837,0.6860399167503938,9.48231734435647,0,False,True,False
-0.6144655521492863,-0.07257134234210309,2.0950770855727234,-0.03022094159835797,9.513738706721409,0,False,True,False
-0.6144655521492863,-0.14132024565974236,24.911662647282803,2.3081600959519792,9.545160069086347,0,False,False,True
-0.7164574607496625,-0.27881805229505985,31.52300051499727,0.2857764959084444,9.592292112633752,0,False,True,False
-0.7674534150498651,-0.27881805229505985,4.646946168307588,-0.06182068534903863,9.62371347499869,0,False,False,True
-0.7674534150498651,-0.3475669556127382,11.740734857617682,0.37004247924359135,9.670845518546097,0,False,True,False
-0.7164574607496625,-0.3475669556127382,-56.69302662705664,-0.19875290826865277,9.702266880911035,0,False,False,True
-0.7674534150498651,-0.3475669556127382,-16.85333051384523,0.5069747021632055,9.74939892445844,0,False,False,True
-0.7164574607496625,-0.27881805229505985,18.040814936813636,-0.7043488082795372,9.796530968005847,0,True,False,False
-0.7674534150498651,-0.27881805229505985,10.073600765177678,-1.4311429145451824,9.87508437391819,0,False,True,False
-0.7674534150498651,-0.2100691489774206,5.535762749773763,-2.9373973666609405,9.906505736283128,1,False,True,False
-0.7164574607496625,-0.2100691489774206,36.08882303916349,2.044828898029644,9.937927098648066,0,False,True,False
-0.7164574607496625,-0.27881805229505985,-4.274971252010001,0.07511153757057605,9.969348461013004,0,False,True,False
-0.7674534150498651,-0.41631585893041656,2.3915368957261744,-0.8623475270329378,10.000769823377942,0,True,False,False
-0.7674534150498651,-0.3475669556127382,-54.995195221938786,1.3075015438471052,10.079323229290285,0,False,True,False
-0.7674534150498651,-0.27881805229505985,-0.8530161046384345,0.5385744459138861,10.110744591655223,0,False,True,False
-0.8184493693500677,-0.3475669556127382,-28.24449846126306,-0.35675162702205393,10.142165954020161,0,False,True,False
-0.8184493693500677,-0.3475669556127382,-20.171121639076667,0.18044401673951016,10.173587316385097,0,False,False,True
-0.8184493693500677,-0.3475669556127382,7.682437340672026,0.5596409417476725,10.220719359932504,0,False,False,True
-0.8184493693500677,-0.3475669556127382,26.006292854128873,1.0652368417585567,10.267851403479911,0,False,True,False
-0.7674534150498651,-0.27881805229505985,-1.518037101863216,-0.735948552030217,10.299272765844847,0,False,False,True
-0.7674534150498651,-0.27881805229505985,9.501528987560476,-1.3784766749607154,10.346404809392254,0,False,True,False
-0.7674534150498651,-0.3475669556127382,2.155114278029633,0.4753749584125254,10.377826171757192,0,False,True,False
-0.7164574607496625,-0.14132024565974236,-5.752766852653884,-0.2408858999362262,10.40924753412213,0,False,True,False
-0.7164574607496625,-0.2100691489774206,15.29172921083114,1.0231038500909833,10.440668896487068,0,False,False,True
-0.7164574607496625,-0.2100691489774206,-42.90786609852754,1.0231038500909833,10.487800940034473,0,False,False,True
-0.7164574607496625,-0.14132024565974236,-1.3743633411779514,-2.0947375333094667,10.53493298358188,0,False,True,False
-0.6654615064494889,-0.07257134234210309,0.056071232883434186,1.3707010313484658,10.566354345946818,0,False,False,True
-0.6144655521492863,0.0649264642932535,-27.16710248835805,-0.9150137666174049,10.613486389494224,0,False,False,True
-0.6144655521492863,0.0649264642932535,48.30765003235331,-0.9782132541187655,10.66061843304163,0,True,False,False
-0.5634695978491128,0.13367536761089277,20.30676270324513,-1.7682068478857715,10.739171838953975,0,False,True,False
-0.5124736435489101,0.20242427092857102,15.30939858574909,-0.009154445764571625,10.770593201318912,0,False,True,False
-0.5634695978491128,0.2711731742462103,19.014749647899748,-0.2408858999362262,10.80201456368385,0,False,True,False
-0.5634695978491128,0.20242427092857102,1.8750835720205008,-0.3883513707727347,10.833435926048788,0,False,True,False
-0.5634695978491128,0.20242427092857102,-5.367121348064032,2.424025823037807,10.864857288413726,0,True,False,False
-0.5124736435489101,0.2711731742462103,-1.0086390465820605,0.6544401729997138,10.943410694326069,0,False,True,False
-0.4614776892487076,0.40867098088156695,0.7922415334930896,0.49644145424631264,10.974832056691007,0,False,True,False
-0.4104817349485339,0.40867098088156695,-19.353414313398225,-0.16715316451797285,11.006253419055945,0,False,True,False
-0.4614776892487076,0.33992207756388854,-14.138835180905344,-0.43048436244030813,11.037674781420883,0,False,True,False
-0.4614776892487076,0.2711731742462103,-2.8900868423788975,0.6439069250828203,11.069096143785819,0,False,True,False
-0.5124736435489101,0.20242427092857102,-9.685056260320206,-1.2626109478748875,11.100517506150757,0,False,False,True
-0.5124736435489101,0.20242427092857102,7.005035009180879,0.00137880215232186,11.147649549698164,0,False,True,False
-0.5634695978491128,0.13367536761089277,12.525130643604946,1.813097443857989,11.179070912063102,0,False,True,False
-0.5634695978491128,0.0649264642932535,26.737002274234122,1.5392329980187605,11.210492274428038,0,True,False,False
-0.6144655521492863,-0.003822439024424742,-9.517118908185857,-0.009154445764571625,11.289045680340383,0,False,True,False
-0.6144655521492863,0.0649264642932535,-4.0639557130584345,0.9177713709220491,11.320467042705321,0,False,False,True
-0.6654615064494889,-0.07257134234210309,-1.54685285018617,-1.14674522078906,11.367599086252726,0,False,False,True
-0.6654615064494889,-0.003822439024424742,4.539943955911237,-0.19875290826865277,11.414731129800133,0,False,False,True
-0.6654615064494889,-0.07257134234210309,16.3689690058658,1.191635816761277,11.461863173347538,0,False,True,False
-0.6654615064494889,-0.14132024565974236,30.58279401489954,2.729490012627717,11.493284535712476,1,False,True,False
-0.7164574607496625,-0.14132024565974236,27.929840027489764,0.29630974382533715,11.524705898077414,0,False,True,False
-0.7164574607496625,-0.14132024565974236,-16.58074809335184,-0.5674165853599222,11.556127260442352,0,False,True,False
-0.7164574607496625,-0.14132024565974236,-4.119498928590868,1.686698468855268,8.30401625567131,0,False,True,False
-0.7164574607496625,-0.07257134234210309,-18.765445244677043,-0.9887465020356588,8.335437618036249,0,False,True,False
-0.7164574607496625,-0.003822439024424742,-19.1759083941994,-0.10395367701661216,8.366858980401187,0,False,True,False
-0.7164574607496625,-0.07257134234210309,4.141338079243698,-0.8096812874484712,8.398280342766125,0,False,False,True
-0.7164574607496625,-0.07257134234210309,-8.095812831888503,-1.5891416332985835,8.44541238631353,0,False,False,True
-0.7164574607496625,-0.003822439024424742,16.967207100282806,-0.325151883271374,8.492544429860937,0,False,False,True
-0.7674534150498651,-0.07257134234210309,24.026773273165745,0.2225770084070837,8.539676473408342,0,False,True,False
-0.7164574607496625,0.0649264642932535,-27.576449623262164,1.0441703459247695,8.57109783577328,0,False,True,False
-0.7674534150498651,-0.003822439024424742,17.244562100759634,0.12777777715504315,8.602519198138218,0,False,True,False
-0.8184493693500677,-0.07257134234210309,16.3734744595955,-1.2836774437086744,8.633940560503156,0,False,True,False
-0.8184493693500677,-0.003822439024424742,-13.035932572178758,0.4437752146618455,8.665361922868094,0,False,True,False
-0.7674534150498651,-0.003822439024424742,66.34317625434275,0.2647100000746572,8.696783285233032,0,False,True,False
-0.7164574607496625,-0.003822439024424742,21.532460960343098,-0.2619523957700134,8.728204647597968,0,False,False,True
-0.7164574607496625,-0.07257134234210309,-5.405525103193274,-0.3040853874375869,8.775336691145375,0,False,True,False
-0.7164574607496625,-0.003822439024424742,24.403686085795716,0.03297854590300179,8.806758053510313,0,False,True,False
-0.7164574607496625,-0.07257134234210309,5.185429993312083,2.0553621459465377,8.83817941587525,0,False,True,False
-0.7164574607496625,-0.07257134234210309,10.104335678453996,-0.14608666868418568,8.869600778240187,0,False,True,False
-0.7164574607496625,-0.07257134234210309,2.4241690379585235,0.5807074375814596,8.901022140605125,0,False,True,False
-0.6654615064494889,-0.07257134234210309,21.006636462361453,-1.3890099228776085,8.932443502970063,0,False,True,False
-0.6654615064494889,-0.07257134234210309,13.142608311981911,-1.1046122291214864,8.963864865335001,0,False,True,False
-0.6654615064494889,-0.07257134234210309,0.7191529980148011,1.5497662459356538,8.995286227699937,0,False,True,False
-0.6654615064494889,-0.07257134234210309,-26.893661728792086,0.34897598340980424,9.026707590064875,0,False,True,False
-0.6654615064494889,-0.14132024565974236,15.255842927699048,0.49644145424631264,9.058128952429813,0,False,False,True
-0.6654615064494889,-0.07257134234210309,30.93422230896067,0.5385744459138861,9.10526099597722,0,False,False,True
-0.7164574607496625,-0.2100691489774206,-9.86856750576856,-1.3152771874593547,9.152393039524625,0,True,False,False
-0.6654615064494889,-0.14132024565974236,-5.098009272086311,0.05404504173678897,9.23094644543697,0,False,False,True
-0.6654615064494889,-0.14132024565974236,-19.220367000292214,-0.16715316451797285,9.278078488984375,0,False,True,False
-0.7164574607496625,-0.14132024565974236,-25.274461334910253,-1.2310112041242074,9.309499851349313,0,False,True,False
-0.7164574607496625,-0.2100691489774206,3.1663776645700383,-0.09342042909971857,9.340921213714251,0,True,False,False
-0.7164574607496625,-0.2100691489774206,49.328128101772954,2.539891550123634,9.419474619626595,0,False,False,True
-0.6654615064494889,-0.07257134234210309,-11.846265899544616,-0.20928615618554636,9.466606663174002,0,False,True,False
-0.7164574607496625,-0.14132024565974236,-4.124171955660811,0.6755066688335002,9.49802802553894,0,False,True,False
-0.7674534150498651,-0.2100691489774206,-33.98047847864967,-0.23035265201933344,9.529449387903878,0,False,True,False
-0.7164574607496625,-0.14132024565974236,34.134702024741564,0.3279094875760179,9.560870750268815,0,False,False,True
-0.7674534150498651,-0.2100691489774206,5.954093185341385,0.48590820632941906,9.60800279381622,0,False,False,True
-0.7674534150498651,-0.2100691489774206,-34.189313087826065,-0.2408858999362262,9.655134837363628,0,False,False,True
-0.7674534150498651,-0.27881805229505985,5.05143915428399,-0.820214535365364,9.702266880911035,0,False,True,False
-0.7674534150498651,-0.27881805229505985,0.4140713345368238,-0.68328231244575,9.73368824327597,0,True,False,False
-0.7674534150498651,-0.2100691489774206,22.776967069465048,2.1922943688661514,9.812241649188316,0,False,False,True
-0.7164574607496625,-0.2100691489774206,11.101330051230168,-0.6938155603626435,9.859373692735723,0,False,True,False
-0.8184493693500677,-0.27881805229505985,-27.212817181443445,-0.46208410619098805,9.890795055100659,0,False,True,False
-0.8694453236502413,-0.41631585893041656,16.14545347179521,-1.1572784687059539,9.922216417465597,0,False,False,True
-0.8184493693500677,-0.3475669556127382,4.399196446459836,-0.19875290826865277,9.969348461013004,0,False,True,False
-0.8694453236502413,-0.41631585893041656,-43.26319289606757,-0.8939472707836182,10.000769823377942,0,False,True,False
-0.8184493693500677,-0.3475669556127382,-27.967647279752402,1.0863033375923432,10.032191185742878,0,False,True,False
-0.8184493693500677,-0.3475669556127382,21.057035111288375,0.8335053875869014,10.063612548107816,0,False,True,False
-0.7674534150498651,-0.3475669556127382,-5.952622638156424,0.022445297986108937,10.095033910472754,0,False,False,True
-0.8184493693500677,-0.41631585893041656,-8.00095721664692,1.0652368417585567,10.142165954020161,0,False,True,False
-0.8184493693500677,-0.41631585893041656,-11.865710260073229,0.33844273549291143,10.173587316385097,0,False,True,False
-0.8184493693500677,-0.41631585893041656,17.76883065503861,0.6649734209166066,10.205008678750035,0,False,True,False
-0.7674534150498651,-0.27881805229505985,9.769892771729793,1.9710961626113903,10.236430041114973,0,False,False,True
-0.7674534150498651,-0.3475669556127382,26.22461458422935,-0.14608666868418568,10.28356208466238,0,False,True,False
-0.8184493693500677,-0.3475669556127382,-10.412082624924127,-0.12502017285039935,10.314983447027316,0,False,False,True
-0.8694453236502413,-0.3475669556127382,-3.3761717851567954,-0.325151883271374,10.362115490574723,0,False,False,True
-0.8694453236502413,-0.3475669556127382,16.115133671223305,-0.34621837910516035,10.40924753412213,0,False,True,False
-0.8694453236502413,-0.41631585893041656,46.1417963191746,-1.3574101791269284,10.440668896487068,0,False,True,False
-0.8694453236502413,-0.41631585893041656,-10.433347833746753,-1.8314063353871317,10.472090258852004,0,False,False,True
-0.8694453236502413,-0.41631585893041656,6.969892740834227,-0.6095495770274958,10.519222302399411,0,False,False,True
-0.8184493693500677,-0.27881805229505985,28.086847316333973,-0.23035265201933344,10.566354345946818,0,False,True,False
-0.8184493693500677,-0.27881805229505985,4.029277896692604,-1.0308794937032326,10.597775708311755,0,False,True,False
-0.8694453236502413,-0.3475669556127382,4.110953073914839,-1.020346245786339,10.629197070676693,0,False,True,False
-0.8184493693500677,-0.2100691489774206,26.77681871677437,-0.5674165853599222,10.66061843304163,0,False,True,False
-0.7164574607496625,-0.14132024565974236,-23.843706151281683,1.6761652209383746,10.692039795406568,0,True,False,False
-0.7674534150498651,-0.14132024565974236,5.9240482379734605,0.09617803340436248,10.770593201318912,0,False,True,False
-0.8184493693500677,-0.2100691489774206,-30.14155896397316,0.1383110250719359,10.80201456368385,0,False,True,False
-0.8184493693500677,-0.2100691489774206,31.248454774156173,-0.14608666868418568,10.833435926048788,0,False,True,False
-0.8184493693500677,-0.27881805229505985,-28.457996326324885,-1.3363436832931415,10.864857288413726,1,False,True,False
-0.8184493693500677,-0.2100691489774206,1.3458644102604365,-0.01968769368146511,10.896278650778662,0,False,True,False
-0.8184493693500677,-0.2100691489774206,-16.403333047367628,-0.7043488082795372,10.9277000131436,0,False,False,True
-0.8184493693500677,-0.2100691489774206,-11.021057099227924,-1.841939583304025,10.974832056691007,0,False,False,True
-0.8694453236502413,-0.2100691489774206,-9.344164206127376,0.45430846257873836,11.021964100238414,0,False,True,False
-0.8184493693500677,-0.2100691489774206,18.075964928922737,0.4437752146618455,11.053385462603352,0,False,True,False
-0.8694453236502413,-0.27881805229505985,15.356564395882131,-0.39888461868962743,11.084806824968288,0,True,False,False
-0.920441277950444,-0.3475669556127382,-18.758938104013037,-0.3672848749389475,11.163360230880633,0,False,False,True
-0.920441277950444,-0.41631585893041656,7.051969456242603,0.7492394042517544,11.210492274428038,0,False,True,False
-0.920441277950444,-0.41631585893041656,-25.137885885656857,0.5701741896645661,11.241913636792976,0,False,True,False
-0.8694453236502413,-0.27881805229505985,-13.559867295642464,-0.9571467582849789,11.273334999157914,0,False,True,False
-0.8694453236502413,-0.27881805229505985,1.5801828733947192,1.5602994938525467,11.304756361522852,0,False,False,True
-0.8694453236502413,-0.27881805229505985,4.846984386133017,-1.3574101791269284,11.351888405070257,0,False,False,True
-0.8694453236502413,-0.27881805229505985,-14.672102212631797,0.433241966744952,11.399020448617664,0,False,True,False
-0.8694453236502413,-0.3475669556127382,7.709209149042769,1.0441703459247695,11.430441810982602,0,False,False,True
-0.8184493693500677,-0.3475669556127382,34.87690495034023,1.0968365855092368,11.477573854530009,0,False,True,False
-0.8694453236502413,-0.41631585893041656,-28.66400637395423,-1.073012485370806,8.30401625567131,0,True,False,False
-0.8694453236502413,-0.4850647622480557,-5.401419702921723,0.18044401673951016,8.382569661583656,0,True,False,False
-0.8694453236502413,-0.41631585893041656,14.079047159913605,0.6544401729997138,8.461123067495999,0,False,True,False
-0.8694453236502413,-0.41631585893041656,8.33605899337519,1.2969682959302113,8.492544429860937,0,False,True,False
-0.8694453236502413,-0.4850647622480557,-10.902898872290836,1.2548353042626381,8.523965792225873,0,False,True,False
-0.8184493693500677,-0.4850647622480557,-1.6110975964639618,-0.272485643686907,8.555387154590811,0,False,True,False
-0.8184493693500677,-0.4850647622480557,-4.643001460716729,-0.4410176103572017,8.586808516955749,0,False,True,False
-0.7674534150498651,-0.41631585893041656,-1.1776506694763087,0.7808391480024344,8.618229879320687,0,False,False,True
-0.7674534150498651,-0.4850647622480557,-31.495064952742393,-0.8623475270329378,8.665361922868094,0,False,False,True
-0.7164574607496625,-0.4850647622480557,-29.686394860362174,0.6860399167503938,8.712493966415499,0,False,True,False
-0.7164574607496625,-0.41631585893041656,-11.645968461842378,1.634032229270801,8.743915328780437,0,False,True,False
-0.7164574607496625,-0.41631585893041656,4.393079915934517,0.11724452923814957,8.775336691145375,0,False,False,True
-0.7164574607496625,-0.3475669556127382,-14.106697406183807,0.34897598340980424,8.82246873469278,0,False,False,True
-0.7164574607496625,-0.3475669556127382,-32.556486306125755,0.5069747021632055,8.869600778240187,0,False,True,False
-0.7164574607496625,-0.3475669556127382,-25.8745723580401,0.5701741896645661,8.901022140605125,0,False,False,True
-0.7164574607496625,-0.3475669556127382,6.7554922846000425,-1.0308794937032326,8.948154184152532,0,False,True,False
-0.7674534150498651,-0.41631585893041656,-31.22071624268777,-0.2408858999362262,8.97957554651747,0,False,True,False
-0.7674534150498651,-0.41631585893041656,-3.8440500764180965,0.022445297986108937,9.010996908882406,0,False,True,False
-0.7164574607496625,-0.3475669556127382,5.42987624548691,-1.125678724955273,9.042418271247344,0,False,True,False
-0.7674534150498651,-0.3475669556127382,-23.752861300724884,-1.5575418895479036,9.073839633612282,0,False,True,False
-0.8184493693500677,-0.41631585893041656,-2.3324312858011607,-0.4936838499416688,9.10526099597722,0,True,False,False
-0.7674534150498651,-0.41631585893041656,-20.963765446881034,0.9177713709220491,9.183814401889563,0,False,False,True
-0.7674534150498651,-0.41631585893041656,18.89393385862646,-1.9999383020574266,9.23094644543697,0,True,False,False
-0.8184493693500677,-0.4850647622480557,-32.78784512930815,-1.3047439395424612,9.309499851349313,0,False,True,False
-0.8184493693500677,-0.4850647622480557,3.2136374161394534,-1.220477956207314,9.340921213714251,0,False,True,False
-0.8184493693500677,-0.41631585893041656,5.1765267631855725,-1.652341120799944,9.37234257607919,0,False,False,True
-0.7674534150498651,-0.41631585893041656,-16.45782400720537,-0.3883513707727347,9.419474619626595,0,False,True,False
-0.8694453236502413,-0.4850647622480557,4.491095918384422,-0.2935521395206933,9.450895981991533,0,False,True,False
-0.8694453236502413,-0.5538136655657341,16.720464137599834,0.5807074375814596,9.48231734435647,0,False,True,False
-0.920441277950444,-0.6225625688833734,13.912839444139374,0.9493711146727289,9.513738706721409,0,False,False,True
-0.920441277950444,-0.6225625688833734,18.650984837653546,0.4753749584125254,9.560870750268815,0,False,True,False
-0.9714372322506176,-0.6913114722010516,4.516692592278387,-0.1882196603517592,9.592292112633752,0,False,False,True
-0.9714372322506176,-0.6913114722010516,20.381067870563342,-0.6411493207781764,9.639424156181159,0,False,True,False
-0.920441277950444,-0.6913114722010516,21.949454552933428,-0.2935521395206933,9.670845518546097,0,False,True,False
-0.920441277950444,-0.6913114722010516,-11.61469568379056,0.06457828965368245,9.702266880911035,0,False,True,False
-0.8694453236502413,-0.6913114722010516,35.94360059010082,0.8756383792544749,9.73368824327597,0,False,True,False
-0.8694453236502413,-0.6913114722010516,44.283799989188424,0.1383110250719359,9.765109605640909,0,False,False,True
-0.8694453236502413,-0.6913114722010516,27.282438597887108,0.00137880215232186,9.812241649188316,0,False,True,False
-0.8694453236502413,-0.6913114722010516,16.109825791265834,0.5701741896645661,9.843663011553254,0,False,True,False
-0.920441277950444,-0.76006037551873,21.792644513863042,0.46484171049563194,9.87508437391819,0,False,True,False
-0.9714372322506176,-0.76006037551873,-25.735862172488424,1.3075015438471052,9.906505736283128,0,False,True,False
-1.0224331865508198,-0.76006037551873,-9.694025403393804,-0.34621837910516035,9.937927098648066,0,False,True,False
-1.0224331865508198,-0.8975581821540476,10.807657708878944,-0.9782132541187655,9.969348461013004,0,False,False,True
-1.0224331865508198,-0.8288092788363692,25.19124595406737,-0.3672848749389475,10.016480504560409,0,False,True,False
-1.0734291408510228,-0.8975581821540476,14.957636800579378,-1.4100764187113954,10.047901866925347,0,False,False,True
-1.0224331865508198,-0.8975581821540476,6.949556103252511,0.6123071813321396,10.095033910472754,0,False,True,False
-1.0734291408510228,-0.9663070854716869,-7.799938584997175,-1.094078981204593,10.126455272837692,0,False,True,False
-1.0734291408510228,-0.9663070854716869,-29.42511328759027,-1.3152771874593547,10.157876635202628,0,False,True,False
-1.0734291408510228,-0.8975581821540476,-23.02220974218457,-0.43048436244030813,10.189297997567566,0,True,False,False
-1.0734291408510228,-0.9663070854716869,-1.7453666570410578,-2.5582004416527773,10.267851403479911,0,False,True,False
-1.1754210494513988,-1.0350559887893651,-48.14202829642895,-0.5042170978585616,10.299272765844847,0,False,False,True
-1.2264170037515723,-1.1038048921070434,15.114302709556839,-0.7991480395315776,10.346404809392254,0,False,True,False
-1.2264170037515723,-1.1725537954246823,6.929470095825376,1.4655002626005063,10.377826171757192,0,False,True,False
-1.2264170037515723,-1.1725537954246823,-7.39958262056911,-1.14674522078906,10.40924753412213,0,False,False,True
-1.2264170037515723,-1.1725537954246823,14.758709995028589,-0.051287437432145144,10.456379577669535,0,False,True,False
-1.2264170037515723,-1.1725537954246823,28.300082688421227,0.33844273549291143,10.487800940034473,0,False,True,False
-1.277412958051775,-1.241302698742361,1.1815893713986827,0.07511153757057605,10.519222302399411,0,False,True,False
-1.3284089123519776,-1.31005160206,7.644684125342309,-0.9255470145342986,10.55064366476435,0,False,False,True
-1.277412958051775,-1.31005160206,-21.47746375791587,-0.9887465020356588,10.597775708311755,0,False,True,False
-1.277412958051775,-1.3788005053776784,15.393592694683845,0.6123071813321396,10.629197070676693,0,False,False,True
-1.277412958051775,-1.31005160206,15.507820248360348,3.372018135558214,10.6763291142241,1,False,False,True
-1.3284089123519776,-1.3788005053776784,-23.125292004001693,-0.20928615618554636,10.723461157771506,0,False,True,False
-1.3284089123519776,-1.4475494086953566,-32.2882518904073,0.812438891753115,10.754882520136443,0,False,True,False
-1.3284089123519776,-1.4475494086953566,16.206126144856967,0.896704875088262,10.78630388250138,0,False,False,True
-1.3794048666521512,-1.4475494086953566,-13.03580718280547,-0.2619523957700134,10.833435926048788,0,True,False,False
-1.3284089123519776,-1.4475494086953566,10.231400208434199,-0.5990163291106029,10.91198933196113,0,False,False,True
-1.3794048666521512,-1.516298312012996,-24.96235403719401,0.46484171049563194,10.959121375508538,0,False,True,False
-1.3794048666521512,-1.516298312012996,-4.77501718660933,0.844038635503795,10.990542737873476,0,False,False,True
-1.3284089123519776,-1.4475494086953566,-10.130790279613686,-0.47261735410788164,11.037674781420883,0,False,True,False
-1.3284089123519776,-1.4475494086953566,-38.648709488230416,-0.6938155603626435,11.069096143785819,0,False,True,False
-1.277412958051775,-1.3788005053776784,0.11404925488043849,0.4753749584125254,11.100517506150757,0,False,False,True
-1.3284089123519776,-1.3788005053776784,-11.198928082748212,-0.5674165853599222,11.147649549698164,0,False,False,True
-1.3284089123519776,-1.3788005053776784,30.296482815638456,1.2548353042626381,11.19478159324557,0,False,True,False
-1.277412958051775,-1.241302698742361,-16.893391804776183,-0.9571467582849789,11.226202955610507,0,False,False,True
-1.277412958051775,-1.241302698742361,22.578081537774697,1.739364708439735,11.273334999157914,0,False,True,False
-1.2264170037515723,-1.1725537954246823,-14.993938168183657,0.7387061563348608,11.304756361522852,0,False,True,False
-1.2264170037515723,-1.1725537954246823,-4.265938525536297,0.24364350424087003,11.33617772388779,0,False,True,False
-1.2264170037515723,-1.1038048921070434,-0.6122824508094584,0.03297854590300179,11.367599086252726,0,False,True,False
-1.277412958051775,-1.1725537954246823,-32.64911745085257,0.03297854590300179,11.399020448617664,0,False,True,False
-1.3284089123519776,-1.241302698742361,5.734807620363863,0.7281729084179673,11.430441810982602,0,True,False,False
-1.3284089123519776,-1.31005160206,-35.92542386709795,-0.8728807749498315,11.508995216894945,0,False,True,False
-1.3794048666521512,-1.3788005053776784,-10.779036045665684,0.9599043625896226,11.540416579259883,0,True,False,False
-1.3284089123519776,-1.241302698742361,18.998255814297483,1.275901800096425,11.618969985172228,0,False,True,False
-1.277412958051775,-1.1038048921070434,22.73294831668314,-0.7043488082795372,11.650391347537164,0,False,True,False
-1.277412958051775,-1.1038048921070434,-0.8853153309272498,-0.2935521395206933,11.681812709902102,0,False,False,True
-1.277412958051775,-1.1038048921070434,-36.90968264827351,1.0547035938416633,11.72894475344951,0,False,True,False
-1.3284089123519776,-1.1038048921070434,11.14881941963837,1.117903081343024,11.760366115814447,1,False,True,False
-1.3284089123519776,-1.1725537954246823,21.95177641103801,0.05404504173678897,11.791787478179383,1,False,True,False
-1.3284089123519776,-1.1725537954246823,-7.269768838663939,-0.17768641243486635,8.30401625567131,0,False,True,False
-1.3284089123519776,-1.1725537954246823,-37.849386419428924,0.5807074375814596,8.335437618036249,0,False,True,False
-1.277412958051775,-1.1038048921070434,-20.027455698247874,0.4753749584125254,8.366858980401187,0,False,True,False
-1.277412958051775,-1.0350559887893651,13.971739123567195,1.1073698334261304,8.398280342766125,0,False,False,True
-1.277412958051775,-1.0350559887893651,-22.56844505327789,-0.7254153041133234,8.44541238631353,0,False,True,False
-1.2264170037515723,-0.9663070854716869,-14.650521299065273,0.7492394042517544,8.476833748678468,0,False,True,False
-1.2264170037515723,-0.9663070854716869,-33.39071555182565,0.6755066688335002,8.508255111043406,0,False,True,False
-1.2264170037515723,-0.9663070854716869,16.971268402289983,0.5596409417476725,8.539676473408342,0,False,True,False
-1.1754210494513988,-0.8975581821540476,-26.560197533269562,-1.5891416332985835,8.57109783577328,0,False,True,False
-1.2264170037515723,-0.9663070854716869,39.060915664887204,-0.01968769368146511,8.602519198138218,0,True,False,False
-1.2264170037515723,-1.0350559887893651,-28.06652269356652,0.2541767521577636,8.681072604050563,0,False,True,False
-1.2264170037515723,-1.0350559887893651,24.13022795744277,1.328568039680892,8.712493966415499,0,False,False,True
-1.277412958051775,-1.1725537954246823,-27.072895211255144,0.24364350424087003,8.759626009962906,0,False,True,False
-1.277412958051775,-1.1725537954246823,28.40788472452803,0.5912406854983533,8.791047372327844,0,False,False,True
-1.277412958051775,-1.1038048921070434,19.04718059671723,-0.03022094159835797,8.83817941587525,0,True,False,False
-1.3284089123519776,-1.1725537954246823,17.658266507409436,-0.68328231244575,8.916732821787594,0,False,True,False
-1.3284089123519776,-1.241302698742361,-14.658828986813754,1.0231038500909833,8.948154184152532,0,False,True,False
-1.3284089123519776,-1.1725537954246823,5.851165419865133,0.6123071813321396,8.97957554651747,0,False,True,False
-1.277412958051775,-1.1038048921070434,-1.528674624271346,-0.9466135103680854,9.010996908882406,0,False,True,False
-1.277412958051775,-1.0350559887893651,-36.25052375114898,-0.09342042909971857,9.042418271247344,0,True,False,False
-1.3284089123519776,-1.1038048921070434,-20.87568990908885,1.8341639396917757,9.120971677159687,0,False,True,False
-1.3794048666521512,-1.1725537954246823,-6.469987079610552,-0.3146186353544804,9.152393039524625,0,True,False,False
-1.3794048666521512,-1.1725537954246823,-20.927404867025704,-0.47261735410788164,9.23094644543697,0,False,True,False
-1.3284089123519776,-1.1725537954246823,-11.765682182385076,1.4444337667667198,9.262367807801908,0,False,True,False
-1.3794048666521512,-1.1725537954246823,29.887779395749725,0.33844273549291143,9.293789170166844,0,False,True,False
-1.3284089123519776,-1.1725537954246823,12.80846421188468,-1.3363436832931415,9.325210532531782,0,False,True,False
-1.277412958051775,-1.1038048921070434,-7.955668731745805,-1.3363436832931415,9.35663189489672,0,False,True,False
-1.277412958051775,-1.0350559887893651,-28.91512109664894,-0.03022094159835797,9.388053257261658,0,False,True,False
-1.2264170037515723,-1.0350559887893651,11.135491485917102,-0.43048436244030813,9.419474619626595,0,False,True,False
-1.277412958051775,-1.1038048921070434,4.325143119939831,1.686698468855268,9.450895981991533,0,False,True,False
-1.2264170037515723,-0.9663070854716869,-31.492231478376787,0.7913723959193278,9.48231734435647,0,False,True,False
-1.2264170037515723,-1.0350559887893651,38.467176828535614,0.9072381230051556,9.513738706721409,0,False,False,True
-1.277412958051775,-1.1038048921070434,11.906240685766198,-0.35675162702205393,9.560870750268815,0,False,False,True
-1.277412958051775,-1.0350559887893651,-12.597031502560812,1.5076332542680797,9.60800279381622,0,False,True,False
-1.2264170037515723,-1.0350559887893651,-49.9599237660832,-0.1882196603517592,9.639424156181159,0,False,False,True
-1.2264170037515723,-0.9663070854716869,19.07723418237702,-0.47261735410788164,9.686556199728566,0,False,False,True
-1.277412958051775,-0.9663070854716869,-29.824480151740214,0.41217547091116485,9.73368824327597,0,False,True,False
-1.277412958051775,-1.0350559887893651,0.535375410996603,-0.15661991660107927,9.765109605640909,0,False,True,False
-1.3284089123519776,-1.1038048921070434,8.53868810934934,0.6544401729997138,9.796530968005847,0,False,False,True
-1.3284089123519776,-1.1038048921070434,-47.73736563881003,2.2976268480350854,9.843663011553254,0,False,True,False
-1.3284089123519776,-1.1725537954246823,46.841105299969776,-1.3258104353762483,9.87508437391819,0,True,False,False
-1.3284089123519776,-1.1038048921070434,-30.7484936062368,-0.5252835936923488,9.953637779830535,0,False,False,True
-1.3794048666521512,-1.1725537954246823,-47.24675210533796,0.1593775209057231,10.000769823377942,0,True,False,False
-1.3284089123519776,-1.1725537954246823,-7.548891006639666,1.8868301792762427,10.079323229290285,0,False,False,True
-1.3284089123519776,-1.1038048921070434,41.74486330291258,0.7176396605010736,10.126455272837692,0,False,False,True
-1.3794048666521512,-1.1725537954246823,-2.9963128985708183,2.171227873032365,10.173587316385097,0,False,True,False
-1.3794048666521512,-1.1725537954246823,21.85631716388315,-1.3258104353762483,10.205008678750035,0,False,False,True
-1.3284089123519776,-1.1038048921070434,-23.127694985978774,0.6333736771659267,10.252140722297442,0,False,True,False
-1.3284089123519776,-1.0350559887893651,-13.434336108200153,-0.3778181228558411,10.28356208466238,0,False,True,False
-1.277412958051775,-1.0350559887893651,32.93103014226788,1.6445654771876945,10.314983447027316,0,False,True,False
-1.3284089123519776,-1.0350559887893651,4.49099739581758,1.275901800096425,10.346404809392254,0,False,True,False
-1.3284089123519776,-1.0350559887893651,34.797527769560325,-0.6516825686950699,10.377826171757192,0,False,True,False
-1.277412958051775,-0.9663070854716869,-3.286274097535997,-0.325151883271374,10.40924753412213,0,False,True,False
-1.277412958051775,-0.9663070854716869,-4.888075107593457,-1.11514547703838,10.440668896487068,0,False,True,False
-1.277412958051775,-0.9663070854716869,-24.491946120792324,1.992162658445177,10.472090258852004,0,True,False,False
-1.2264170037515723,-0.8975581821540476,2.096310516893761,1.117903081343024,10.55064366476435,0,False,True,False
-1.277412958051775,-0.8975581821540476,10.747355719913529,0.2647100000746572,10.582065027129287,0,False,True,False
-1.277412958051775,-0.8288092788363692,-14.451190126237552,0.6439069250828203,10.613486389494224,0,False,False,True
-1.277412958051775,-0.8288092788363692,-9.952190491872154,0.6228404292490332,10.66061843304163,0,False,True,False
-1.277412958051775,-0.8288092788363692,-21.5455238641799,1.2969682959302113,10.692039795406568,0,False,False,True
-1.277412958051775,-0.76006037551873,-16.018419521933968,-1.0098129978694461,10.739171838953975,0,False,True,False
-1.277412958051775,-0.8288092788363692,-12.238714994765335,-0.23035265201933344,10.770593201318912,0,False,True,False
-1.277412958051775,-0.8288092788363692,-18.103510455199352,1.0863033375923432,10.80201456368385,0,False,True,False
-1.3284089123519776,-0.9663070854716869,-11.937867687535107,0.2752432479915508,10.833435926048788,0,False,True,False
-1.3284089123519776,-0.9663070854716869,-41.101552501892094,-1.14674522078906,10.864857288413726,0,False,False,True
-1.3794048666521512,-0.9663070854716869,-11.994503534713305,-1.11514547703838,10.91198933196113,0,True,False,False
-1.3794048666521512,-1.0350559887893651,9.319714851416368,0.2541767521577636,10.990542737873476,0,False,False,True
-1.3794048666521512,-1.0350559887893651,14.697617692887592,-1.167811716622847,11.037674781420883,0,False,False,True
-1.3794048666521512,-1.0350559887893651,-23.99468189965918,0.4753749584125254,11.084806824968288,0,False,True,False
-1.3794048666521512,-1.0350559887893651,-22.20258390225892,1.4971000063511868,11.116228187333226,0,False,True,False
-1.4304008209523538,-1.0350559887893651,-1.2018797075688334,-0.04075418951525156,11.147649549698164,0,False,True,False
-1.4304008209523538,-1.1038048921070434,-10.887381718130666,-1.0519459895370193,11.179070912063102,0,False,True,False
-1.4304008209523538,-1.0350559887893651,27.47479455039485,0.6860399167503938,11.210492274428038,0,False,False,True
-1.4304008209523538,-1.0350559887893651,8.57244568799773,0.8335053875869014,11.257624317975445,0,False,True,False
-1.4304008209523538,-1.0350559887893651,-10.814850094639636,0.04351179381989538,11.289045680340383,0,False,True,False
-1.4304008209523538,-1.0350559887893651,-14.839730393491225,0.14884427298882952,11.320467042705321,0,True,False,False
-1.4304008209523538,-1.0350559887893651,12.920278647986512,-0.8834140228667247,11.399020448617664,0,False,False,True
-1.4304008209523538,-1.0350559887893651,34.805697493003734,-0.5358168416092424,11.446152492165071,0,False,False,True
-1.4813967752525272,-1.0350559887893651,21.256655863929247,0.7281729084179673,11.493284535712476,0,False,True,False
-1.4813967752525272,-1.1038048921070434,-15.367646710030245,-0.04075418951525156,11.524705898077414,0,False,True,False
-1.4813967752525272,-1.0350559887893651,6.77535594497456,0.46484171049563194,11.556127260442352,1,False,True,False
-1.4813967752525272,-1.0350559887893651,9.812545102563549,-0.39888461868962743,8.30401625567131,0,False,True,False
-1.4813967752525272,-1.1038048921070434,14.42615151650559,-0.8518142791160447,8.335437618036249,0,False,True,False
-1.4304008209523538,-1.0350559887893651,-1.5035548301153883,0.00137880215232186,8.366858980401187,0,False,False,True
-1.4304008209523538,-1.0350559887893651,17.20118404385359,-1.4943424020465428,8.413991023948592,0,False,True,False
-1.4304008209523538,-0.9663070854716869,16.01369009140668,0.46484171049563194,8.44541238631353,0,False,False,True
-1.4304008209523538,-0.9663070854716869,-16.30205792029731,1.0336370980078762,8.492544429860937,0,False,True,False
-1.3794048666521512,-0.9663070854716869,-22.73287724419283,-0.68328231244575,8.523965792225873,0,False,True,False
-1.3794048666521512,-0.8975581821540476,4.069741168948493,0.6544401729997138,8.555387154590811,0,True,False,False
-1.3794048666521512,-0.8975581821540476,-4.076908965130978,-0.6200828249443893,8.633940560503156,0,False,False,True
-1.3794048666521512,-0.8975581821540476,-21.84270786488585,0.4016422229942713,8.681072604050563,0,False,False,True
-1.3794048666521512,-0.8975581821540476,-6.490260077712775,-0.16715316451797285,8.728204647597968,0,False,False,True
-1.4304008209523538,-0.9663070854716869,20.92605654081272,-1.7892733437195583,8.775336691145375,0,False,True,False
-1.4304008209523538,-0.9663070854716869,-44.64292280830172,1.191635816761277,8.806758053510313,0,False,False,True
-1.4813967752525272,-1.0350559887893651,10.602299694052517,0.00137880215232186,8.853890097057718,0,False,True,False
-1.4304008209523538,-0.9663070854716869,-15.161450339191342,1.3075015438471052,8.885311459422656,0,False,True,False
-1.4304008209523538,-0.9663070854716869,9.929195502864422,1.3707010313484658,8.916732821787594,0,False,True,False
-1.4304008209523538,-1.0350559887893651,-25.704489184429256,0.18044401673951016,8.948154184152532,0,False,True,False
-1.4304008209523538,-1.0350559887893651,-25.845870060528906,1.4760335105173998,8.97957554651747,0,False,False,True
-1.4813967752525272,-1.0350559887893651,-26.574904855208192,-0.46208410619098805,9.026707590064875,0,False,True,False
-1.4813967752525272,-1.0350559887893651,2.60908089119782,-0.8307477832822575,9.058128952429813,0,False,True,False
-1.4813967752525272,-1.0350559887893651,11.719919417049494,-1.188878212456634,9.089550314794751,0,False,True,False
-1.4304008209523538,-0.9663070854716869,40.63445048949711,-0.8307477832822575,9.120971677159687,0,False,True,False
-1.4304008209523538,-0.9663070854716869,-14.820939175924753,-1.6734076166337306,9.152393039524625,0,False,True,False
-1.4304008209523538,-0.9663070854716869,12.517105877224145,0.11724452923814957,9.183814401889563,0,False,False,True
-1.4813967752525272,-0.9663070854716869,-8.260320562384836,-0.3040853874375869,9.23094644543697,0,False,True,False
-1.4813967752525272,-0.9663070854716869,-16.942355056337252,-0.9150137666174049,9.262367807801908,0,False,False,True
-1.4813967752525272,-0.8975581821540476,-0.3947569776894671,0.24364350424087003,9.309499851349313,0,False,True,False
-1.4304008209523538,-0.8975581821540476,-16.7117999067625,-0.07235393326593222,9.340921213714251,0,False,True,False
-1.4304008209523538,-0.8288092788363692,-4.075889605564213,0.3279094875760179,9.37234257607919,0,False,True,False
-1.3794048666521512,-0.8288092788363692,-45.22340993049997,-0.409417866606521,9.403763938444127,0,False,True,False
-1.4304008209523538,-0.8975581821540476,18.49427211658919,-0.9782132541187655,9.435185300809064,0,False,True,False
-1.4304008209523538,-0.9663070854716869,11.487017887028562,1.0968365855092368,9.466606663174002,0,False,True,False
-1.4304008209523538,-0.9663070854716869,17.75379103401798,-0.5884830811937094,9.49802802553894,0,False,True,False
-1.4304008209523538,-0.9663070854716869,-30.695612139395077,-0.10395367701661216,9.529449387903878,0,False,False,True
-1.4813967752525272,-1.0350559887893651,-33.480277143741795,0.2225770084070837,9.576581431451283,0,False,False,True
-1.4304008209523538,-0.9663070854716869,-32.34296186805008,-0.735948552030217,9.62371347499869,0,False,True,False
-1.4304008209523538,-0.8975581821540476,44.06626299667101,-0.15661991660107927,9.655134837363628,0,False,True,False
-1.4304008209523538,-0.8975581821540476,-0.3832650876956497,-0.19875290826865277,9.686556199728566,0,False,False,True
-1.3794048666521512,-0.8975581821540476,9.533519677282445,1.4549670146836127,9.73368824327597,0,False,True,False
-1.3794048666521512,-0.8975581821540476,-14.182212480352016,-0.6411493207781764,9.765109605640909,0,True,False,False
-1.4304008209523538,-0.9663070854716869,-1.505703640353191,0.6965731646672874,9.843663011553254,0,True,False,False
-1.4304008209523538,-0.9663070854716869,1.0623635896179486,-1.7260738562181976,9.922216417465597,0,False,True,False
-1.3794048666521512,-0.8975581821540476,-14.398028019581371,0.4753749584125254,9.953637779830535,0,False,False,True
-1.4304008209523538,-0.9663070854716869,-5.8387892437044115,0.1593775209057231,10.000769823377942,0,False,True,False
-1.3794048666521512,-0.9663070854716869,-18.686354451965563,0.8019056438362215,10.032191185742878,0,False,True,False
-1.3794048666521512,-0.8975581821540476,-7.9604842069648285,0.022445297986108937,10.063612548107816,0,False,True,False
-1.3794048666521512,-0.8975581821540476,2.614212959361943,-0.34621837910516035,10.095033910472754,0,False,True,False
-1.3794048666521512,-0.8975581821540476,23.881413934198854,-0.34621837910516035,10.126455272837692,0,False,True,False
-1.3284089123519776,-0.8975581821540476,55.96779570408038,-0.2514191478531198,10.157876635202628,0,True,False,False
-1.3284089123519776,-0.8288092788363692,-6.170909449933463,-0.6411493207781764,10.236430041114973,0,False,False,True
-1.3284089123519776,-0.8288092788363692,-21.125136385820216,0.12777777715504315,10.28356208466238,0,False,True,False
-1.3284089123519776,-0.8288092788363692,-46.73714435234389,-0.10395367701661216,10.314983447027316,0,False,True,False
-1.3284089123519776,-0.8975581821540476,14.107585884318892,1.1705693209274908,10.346404809392254,0,True,False,False
-1.3284089123519776,-0.8975581821540476,11.394689756467011,-1.7892733437195583,10.4249582153046,0,False,False,True
-1.3284089123519776,-0.9663070854716869,11.337571754788634,0.6649734209166066,10.472090258852004,0,False,True,False
-1.3794048666521512,-1.0350559887893651,-15.707899313109307,0.4753749584125254,10.503511621216942,0,False,True,False
-1.3794048666521512,-1.0350559887893651,-3.3962176753999374,0.2120437604901901,10.53493298358188,0,False,True,False
-1.3794048666521512,-1.0350559887893651,11.309000842765732,-0.04075418951525156,10.566354345946818,0,False,True,False
-1.4304008209523538,-1.1038048921070434,-23.514443354452563,-1.4311429145451824,10.597775708311755,0,False,True,False
-1.3794048666521512,-1.0350559887893651,9.53174534438854,-0.9676800062018721,10.629197070676693,0,False,True,False
-1.3284089123519776,-1.0350559887893651,-1.799569968661677,0.2120437604901901,10.66061843304163,0,False,False,True
-1.3284089123519776,-1.0350559887893651,4.128666416670181,1.6761652209383746,10.707750476589037,0,False,False,True
-1.3284089123519776,-0.9663070854716869,-64.69882582826932,-0.7254153041133234,10.754882520136443,0,False,False,True
-1.3284089123519776,-0.9663070854716869,9.209741431971006,-0.9992797499525524,10.80201456368385,0,False,True,False
-1.3284089123519776,-0.8975581821540476,-16.69541782125782,-0.8518142791160447,10.833435926048788,0,False,False,True
-1.277412958051775,-0.8975581821540476,3.891145624800112,-1.4522094103789693,10.880567969596195,0,False,True,False
-1.277412958051775,-0.8288092788363692,4.508526817566997,-0.5358168416092424,10.91198933196113,0,False,True,False
-1.277412958051775,-0.8975581821540476,-14.375863281122752,1.3707010313484658,10.943410694326069,0,False,False,True
-1.277412958051775,-0.8975581821540476,-4.362924305285911,1.3707010313484658,10.990542737873476,0,False,False,True
-1.3284089123519776,-0.8975581821540476,-14.753279474863959,0.6755066688335002,11.037674781420883,0,False,False,True
-1.277412958051775,-0.8288092788363692,-7.696224949486294,1.0336370980078762,11.084806824968288,0,False,True,False
-1.277412958051775,-0.8288092788363692,9.40529921401408,-1.6839408645506242,11.116228187333226,0,True,False,False
-1.277412958051775,-0.8288092788363692,-6.8836747387752455,-0.34621837910516035,11.19478159324557,0,False,True,False
-1.3284089123519776,-0.8288092788363692,26.681086006340976,-0.6938155603626435,11.226202955610507,0,False,True,False
-1.3284089123519776,-0.8288092788363692,-6.08541921143659,0.9915041063403026,11.257624317975445,0,False,True,False
-1.277412958051775,-0.8288092788363692,-3.03219830580706,1.1284363292599173,11.289045680340383,0,False,True,False
-1.277412958051775,-0.9663070854716869,5.955520535566501,1.4233672709329328,11.320467042705321,0,False,True,False
-1.277412958051775,-0.8975581821540476,-1.2007014386939008,1.4339005188498262,11.351888405070257,0,False,False,True
-1.3284089123519776,-0.9663070854716869,-0.8958560521994514,0.12777777715504315,11.399020448617664,0,False,False,True
-1.3284089123519776,-0.9663070854716869,9.276164885005688,-0.7570150478640042,11.446152492165071,0,False,True,False
-1.277412958051775,-0.9663070854716869,-16.202825026727318,-0.10395367701661216,11.477573854530009,0,False,True,False
-1.277412958051775,-0.9663070854716869,-5.204805554922121,-1.167811716622847,8.30401625567131,0,False,True,False
-1.277412958051775,-0.9663070854716869,-9.772956036501908,-0.2514191478531198,8.335437618036249,0,False,True,False
-1.2264170037515723,-0.8975581821540476,-46.542232247473635,1.2127023125950644,8.366858980401187,0,False,False,True
-1.277412958051775,-0.9663070854716869,-16.117104970516746,-0.13555342076729207,8.413991023948592,0,True,False,False
-1.277412958051775,-0.9663070854716869,23.81897727735187,1.328568039680892,8.492544429860937,0,False,True,False
-1.277412958051775,-0.9663070854716869,4.191333663992427,-0.12502017285039935,8.523965792225873,0,True,False,False
-1.277412958051775,-0.8975581821540476,17.018912405436136,0.5280411979969926,8.602519198138218,0,False,True,False
-1.277412958051775,-0.9663070854716869,0.4309256515797659,1.2127023125950644,8.633940560503156,0,False,False,True
-1.277412958051775,-0.9663070854716869,0.5717066914530697,1.275901800096425,8.681072604050563,0,False,False,True
-1.2264170037515723,-0.8975581821540476,-7.745672628227574,0.24364350424087003,8.728204647597968,0,False,True,False
-1.277412958051775,-0.8975581821540476,20.729211419330206,0.49644145424631264,8.759626009962906,0,False,True,False
-1.2264170037515723,-0.9663070854716869,-25.069117818332906,0.6123071813321396,8.791047372327844,0,False,False,True
-1.277412958051775,-0.9663070854716869,-7.292666297421553,0.34897598340980424,8.83817941587525,0,False,True,False
-1.277412958051775,-0.9663070854716869,-0.8458703190963547,-1.3574101791269284,8.869600778240187,0,False,True,False
-1.277412958051775,-1.0350559887893651,8.428707477139861,1.1284363292599173,8.901022140605125,0,False,True,False
-1.277412958051775,-1.0350559887893651,11.821750716182127,-1.0414127416201258,8.932443502970063,0,False,False,True
-1.3284089123519776,-1.0350559887893651,-23.38372372093874,1.3917675271822527,8.97957554651747,0,False,True,False
-1.3284089123519776,-1.0350559887893651,6.090277686773869,0.41217547091116485,9.010996908882406,0,False,True,False
-1.3284089123519776,-1.0350559887893651,10.758749508909709,0.41217547091116485,9.042418271247344,0,False,True,False
-1.3284089123519776,-1.0350559887893651,0.2399237528426964,0.5807074375814596,9.073839633612282,0,False,False,True
-1.3284089123519776,-1.0350559887893651,33.44779170502313,1.1811025688443844,9.120971677159687,0,False,True,False
-1.3284089123519776,-1.0350559887893651,17.848419960533782,-1.4838091541296494,9.152393039524625,0,False,True,False
-1.3284089123519776,-1.0350559887893651,-15.469013290234582,-0.3778181228558411,9.183814401889563,0,False,False,True
-1.3794048666521512,-1.1038048921070434,9.474310558610314,-0.06182068534903863,9.23094644543697,0,False,True,False
-1.4304008209523538,-1.1725537954246823,14.809627326205652,-1.7050073603844111,9.262367807801908,0,False,True,False
-1.4304008209523538,-1.1725537954246823,-7.4111867247328025,-0.9255470145342986,9.293789170166844,0,False,True,False
-1.3794048666521512,-1.1038048921070434,17.19592986479252,0.7071064125841808,9.325210532531782,0,False,True,False
-1.3794048666521512,-1.1038048921070434,-33.23718967515144,0.1383110250719359,9.35663189489672,0,False,True,False
-1.3284089123519776,-1.0350559887893651,-2.731691013583705,0.759772652168648,9.388053257261658,0,False,True,False
-1.3284089123519776,-0.9663070854716869,6.621057149383098,-0.3778181228558411,9.419474619626595,0,False,True,False
-1.3284089123519776,-0.9663070854716869,-0.08758822531974543,0.3279094875760179,9.450895981991533,0,False,True,False
-1.3284089123519776,-1.0350559887893651,-9.804160221589248,0.9072381230051556,9.48231734435647,0,False,True,False
-1.277412958051775,-0.9663070854716869,8.926649379765585,2.1817611209492584,9.513738706721409,0,False,False,True
-1.3284089123519776,-0.9663070854716869,-30.03017611918926,0.2752432479915508,9.560870750268815,0,False,False,True
-1.3284089123519776,-1.0350559887893651,21.178589173241114,-0.5990163291106029,9.60800279381622,0,False,True,False
-1.3284089123519776,-0.9663070854716869,23.14328203866934,-0.7570150478640042,9.639424156181159,0,False,False,True
-1.3284089123519776,-0.9663070854716869,-13.634020701416995,0.8545718834206886,9.686556199728566,0,False,True,False
-1.3794048666521512,-1.0350559887893651,14.77652890758944,0.34897598340980424,9.717977562093502,0,False,True,False
-1.3794048666521512,-1.0350559887893651,19.72527832778512,-0.7570150478640042,9.74939892445844,0,False,False,True
-1.4304008209523538,-1.0350559887893651,7.974320868624291,-0.4410176103572017,9.796530968005847,0,False,True,False
-1.4304008209523538,-1.1038048921070434,2.0008122340599046,0.2015105125732966,9.827952330370785,0,False,False,True
-1.4813967752525272,-1.1038048921070434,11.814119134378458,-1.1046122291214864,9.87508437391819,0,False,True,False
-1.4304008209523538,-1.1038048921070434,5.899067672368228,1.1811025688443844,9.906505736283128,0,False,True,False
-1.3794048666521512,-1.0350559887893651,3.228469996724321,1.581365989686334,9.937927098648066,0,True,False,False
-1.4304008209523538,-1.0350559887893651,-27.761612584459957,0.6123071813321396,10.016480504560409,0,False,False,True
-1.3794048666521512,-0.9663070854716869,-21.116237313919594,1.4233672709329328,10.063612548107816,0,True,False,False
-1.3284089123519776,-0.8975581821540476,-4.248402774352001,0.844038635503795,10.142165954020161,0,False,False,True
-1.3284089123519776,-0.8975581821540476,10.003962873667115,0.9388378667558356,10.189297997567566,0,True,False,False
-1.3794048666521512,-0.8975581821540476,23.97426611421791,0.00137880215232186,10.267851403479911,0,False,True,False
-1.3284089123519776,-0.8975581821540476,-13.917533675484806,-0.6516825686950699,10.299272765844847,0,True,False,False
-1.3284089123519776,-0.8288092788363692,8.456520508360832,1.0231038500909833,10.377826171757192,0,False,True,False
-1.3794048666521512,-0.8288092788363692,15.832807583442207,1.8341639396917757,10.40924753412213,0,False,False,True
-1.3794048666521512,-0.76006037551873,-30.56745313308113,-1.6312746249661572,10.456379577669535,0,False,False,True
-1.3794048666521512,-0.8288092788363692,3.0920284589020732,0.1383110250719359,10.503511621216942,0,False,False,True
-1.4304008209523538,-0.8288092788363692,11.342957494377249,0.8335053875869014,10.55064366476435,0,False,False,True
-1.4304008209523538,-0.8975581821540476,-7.984145499639359,1.0441703459247695,10.597775708311755,0,False,True,False
-1.3794048666521512,-0.8975581821540476,-16.054767404559893,-0.4410176103572017,10.629197070676693,0,False,True,False
-1.3794048666521512,-0.8288092788363692,10.568949052700157,0.433241966744952,10.66061843304163,0,False,False,True
-1.3794048666521512,-0.8975581821540476,-0.30426430413147915,0.29630974382533715,10.707750476589037,0,True,False,False
-1.3284089123519776,-0.8975581821540476,7.950899128951622,-1.3890099228776085,10.78630388250138,0,True,False,False
-1.3284089123519776,-0.8288092788363692,-19.825228194019573,-0.6200828249443893,10.864857288413726,0,False,True,False
-1.3284089123519776,-0.8288092788363692,-6.456021469266597,0.1383110250719359,10.896278650778662,0,False,True,False
-1.3284089123519776,-0.8288092788363692,18.586157010249316,0.6544401729997138,10.9277000131436,0,False,True,False
-1.3284089123519776,-0.8288092788363692,-2.6563054898961016,1.4233672709329328,10.959121375508538,0,True,False,False
-1.3284089123519776,-0.76006037551873,11.43555436292905,-1.1783449645397401,11.037674781420883,0,False,True,False
-1.277412958051775,-0.6225625688833734,21.853016139714164,-0.15661991660107927,11.069096143785819,0,False,False,True
-1.277412958051775,-0.6913114722010516,40.78191299929482,1.5497662459356538,11.116228187333226,0,False,True,False
-1.3284089123519776,-0.76006037551873,20.586017708850573,-0.10395367701661216,11.147649549698164,0,False,False,True
-1.3794048666521512,-0.8975581821540476,-30.842058842942237,-0.3146186353544804,11.19478159324557,0,False,False,True
-1.3794048666521512,-0.8975581821540476,12.85046675731719,-0.07235393326593222,11.241913636792976,0,False,True,False
-1.3794048666521512,-0.8975581821540476,-22.1344948821358,0.38057572716048493,11.273334999157914,0,False,True,False
-1.3794048666521512,-0.8288092788363692,-25.48708843995374,-0.20928615618554636,11.304756361522852,0,True,False,False
-1.3284089123519776,-0.76006037551873,-8.619638302515181,-0.9676800062018721,11.383309767435195,0,True,False,False
-1.3284089123519776,-0.76006037551873,38.831817182456874,2.013229154278964,11.461863173347538,0,False,False,True
-1.3284089123519776,-0.8288092788363692,13.636593248092893,2.3608263355364465,11.508995216894945,1,False,False,True
-1.277412958051775,-0.76006037551873,39.172246708091905,0.37004247924359135,8.30401625567131,0,False,True,False
-1.277412958051775,-0.76006037551873,-4.141597069052505,0.5069747021632055,8.335437618036249,0,False,False,True
-1.277412958051775,-0.76006037551873,-52.82268816718063,-0.9782132541187655,8.382569661583656,0,False,True,False
-1.2264170037515723,-0.6913114722010516,-35.02146920562944,0.33844273549291143,8.413991023948592,0,False,True,False
-1.1754210494513988,-0.76006037551873,3.9485013458947837,-0.5147503457754552,8.44541238631353,0,False,False,True
-1.1754210494513988,-0.76006037551873,16.925989945064828,-0.009154445764571625,8.492544429860937,0,False,True,False
-1.1754210494513988,-0.76006037551873,-2.1848702422627455,0.11724452923814957,8.523965792225873,0,False,True,False
-1.1754210494513988,-0.6913114722010516,-31.382986229730783,0.19097726465640302,8.555387154590811,0,False,False,True
-1.1754210494513988,-0.76006037551873,9.785828943759183,-1.2520776999579943,8.602519198138218,0,False,True,False
-1.1754210494513988,-0.76006037551873,-10.610563433131748,2.497758558456061,8.633940560503156,0,False,False,True
-1.1754210494513988,-0.76006037551873,-22.098426370483644,-1.4416761624620755,8.681072604050563,0,False,True,False
-1.1244250951511958,-0.76006037551873,-24.997681432010445,-0.68328231244575,8.712493966415499,0,False,True,False
-1.0734291408510228,-0.6225625688833734,10.398803883042953,0.46484171049563194,8.743915328780437,0,False,True,False
-1.0734291408510228,-0.6225625688833734,-23.77527685086982,-0.2830188916038005,8.775336691145375,0,False,False,True
-1.0734291408510228,-0.6225625688833734,30.23420343746176,-0.5568833374430288,8.82246873469278,0,False,True,False
-1.0224331865508198,-0.5538136655657341,-32.99545137599283,0.18044401673951016,8.853890097057718,0,False,False,True
-1.0224331865508198,-0.5538136655657341,-10.581918439477482,-1.188878212456634,8.901022140605125,0,False,True,False
-1.0224331865508198,-0.6225625688833734,-4.978560239728898,-0.5463500895261358,8.932443502970063,0,False,False,True
-1.0734291408510228,-0.6913114722010516,-22.49834409017377,1.0336370980078762,8.97957554651747,0,False,True,False
-1.0734291408510228,-0.76006037551873,17.533854421759287,-0.04075418951525156,9.010996908882406,0,True,False,False
-1.0734291408510228,-0.76006037551873,-0.7630209467307045,0.2015105125732966,9.089550314794751,0,False,True,False
-1.0734291408510228,-0.6913114722010516,-4.088544470884347,0.6860399167503938,9.120971677159687,0,False,True,False
-1.0734291408510228,-0.6913114722010516,-2.40915711529559,-0.2619523957700134,9.152393039524625,0,False,True,False
-1.0734291408510228,-0.6225625688833734,-26.244885858751573,1.0125706021740897,9.183814401889563,0,False,False,True
-1.0734291408510228,-0.6225625688833734,-11.074291408197897,-0.08288718118282508,9.23094644543697,0,False,False,True
-1.0734291408510228,-0.6225625688833734,35.24784390396402,-0.19875290826865277,9.278078488984375,0,False,False,True
-1.0224331865508198,-0.6225625688833734,-3.731321836037058,-0.3778181228558411,9.325210532531782,0,True,False,False
-0.9714372322506176,-0.4850647622480557,-17.12386561016059,0.5596409417476725,9.403763938444127,0,False,True,False
-0.9714372322506176,-0.4850647622480557,5.935589083624462,1.1600360730105976,9.435185300809064,0,True,False,False
-0.9714372322506176,-0.4850647622480557,16.551982919688964,-1.5575418895479036,9.513738706721409,0,False,False,True
-0.9714372322506176,-0.5538136655657341,-4.231176612002816,0.6123071813321396,9.560870750268815,0,False,False,True
-0.9714372322506176,-0.5538136655657341,-16.2163758696745,-1.3784766749607154,9.60800279381622,0,False,True,False
-1.0224331865508198,-0.5538136655657341,14.431537001361631,-0.051287437432145144,9.639424156181159,0,False,True,False
-1.0224331865508198,-0.5538136655657341,6.3536878481301535,-0.01968769368146511,9.670845518546097,0,False,True,False
-1.0224331865508198,-0.5538136655657341,-2.7987275707983663,-0.21981940410243986,9.702266880911035,0,True,False,False
-1.0224331865508198,-0.5538136655657341,-36.654884902814786,1.0231038500909833,9.780820286823378,0,False,True,False
-1.0734291408510228,-0.5538136655657341,6.505533542283127,-0.19875290826865277,9.812241649188316,0,False,False,True
-1.0224331865508198,-0.5538136655657341,3.876582993840549,-0.7991480395315776,9.859373692735723,0,False,True,False
-1.0224331865508198,-0.5538136655657341,4.53958487021028,0.30684299174223073,9.890795055100659,0,False,False,True
-1.0734291408510228,-0.6913114722010516,19.410967976188854,-0.34621837910516035,9.937927098648066,0,False,True,False
-1.1244250951511958,-0.76006037551873,1.3809926825573529,-0.2514191478531198,9.969348461013004,0,False,True,False
-1.1754210494513988,-0.76006037551873,-11.353669495224642,-0.09342042909971857,10.000769823377942,0,False,False,True
-1.1754210494513988,-0.8288092788363692,5.164029331950701,-2.200070012478401,10.047901866925347,0,False,False,True
-1.1754210494513988,-0.8288092788363692,5.452975677554733,-0.6095495770274958,10.095033910472754,0,False,True,False
-1.1754210494513988,-0.76006037551873,10.35604618774764,-1.2310112041242074,10.126455272837692,0,False,False,True
-1.2264170037515723,-0.8288092788363692,6.659071316316313,0.3173762396591243,10.173587316385097,0,False,True,False
-1.277412958051775,-0.8975581821540476,-15.376172822202303,0.6860399167503938,10.205008678750035,0,False,True,False
-1.277412958051775,-0.8975581821540476,2.629430331861976,-0.20928615618554636,10.236430041114973,0,False,False,True
-1.3284089123519776,-0.9663070854716869,7.890221256835664,0.011912050069215451,10.28356208466238,0,True,False,False
-1.3284089123519776,-0.8975581821540476,-35.94546137223401,-0.8518142791160447,10.362115490574723,0,False,True,False
-1.3794048666521512,-0.8975581821540476,-14.963808529752255,-0.46208410619098805,10.393536852939661,0,False,False,True
-1.3284089123519776,-0.9663070854716869,18.24291594740445,-0.13555342076729207,10.440668896487068,0,False,True,False
-1.3794048666521512,-1.0350559887893651,23.820340951600365,-1.294210691625568,10.472090258852004,0,False,False,True
-1.3794048666521512,-0.9663070854716869,-33.66490948436851,-1.11514547703838,10.519222302399411,0,False,False,True
-1.3794048666521512,-0.9663070854716869,-10.043982717335144,1.0652368417585567,10.566354345946818,0,False,True,False
-1.3284089123519776,-0.8975581821540476,-24.237663636302816,0.6649734209166066,10.597775708311755,0,True,False,False
-1.3284089123519776,-0.8975581821540476,-2.7971212761621644,1.0441703459247695,10.6763291142241,0,False,False,True
-1.3284089123519776,-0.8975581821540476,-2.4721566014128835,-0.1882196603517592,10.723461157771506,0,False,True,False
-1.3794048666521512,-0.9663070854716869,-2.985314649091078,1.6024324855201209,10.754882520136443,0,False,True,False
-1.3794048666521512,-0.8975581821540476,-25.80154933629387,-0.5884830811937094,10.78630388250138,0,False,True,False
-1.4304008209523538,-0.9663070854716869,13.040690263092618,0.3911089750773785,10.817725244866319,0,False,False,True
-1.4304008209523538,-1.0350559887893651,-36.99173011550787,0.45430846257873836,10.864857288413726,0,False,True,False
-1.4813967752525272,-1.1038048921070434,5.840249738789582,0.04351179381989538,10.896278650778662,0,False,True,False
-1.4813967752525272,-1.1038048921070434,25.466574865519405,-0.3146186353544804,10.9277000131436,0,False,True,False
-1.4813967752525272,-1.1725537954246823,-10.619334738979733,-1.7050073603844111,10.959121375508538,0,False,True,False
-1.4304008209523538,-1.0350559887893651,0.01843881491812227,0.3911089750773785,10.990542737873476,0,False,True,False
-1.4304008209523538,-1.0350559887893651,-0.6278519362070578,0.7281729084179673,11.021964100238414,0,False,False,True
-1.3794048666521512,-1.0350559887893651,-13.31405564041844,0.9809708584234093,11.069096143785819,0,False,False,True
-1.4813967752525272,-1.1725537954246823,44.39860378301308,1.4865667584342934,11.116228187333226,0,False,True,False
-1.4813967752525272,-1.241302698742361,0.6493132711145768,-2.5582004416527773,11.147649549698164,0,False,True,False
-1.4813967752525272,-1.241302698742361,-6.535609471556148,-0.21981940410243986,11.179070912063102,0,False,False,True
-1.4813967752525272,-1.241302698742361,-31.196795593939513,1.1811025688443844,11.226202955610507,0,False,True,False
-1.4304008209523538,-1.1725537954246823,16.92235394195182,-1.2626109478748875,11.257624317975445,0,False,True,False
-1.4813967752525272,-1.1725537954246823,-32.48483175710401,0.6123071813321396,11.289045680340383,0,False,True,False
-1.4813967752525272,-1.31005160206,-11.834374261454432,-0.7043488082795372,11.320467042705321,0,False,True,False
-1.4813967752525272,-1.241302698742361,-0.11150591486520234,0.2752432479915508,11.351888405070257,0,False,True,False
-1.5323927295527298,-1.31005160206,-26.99657508007899,0.5596409417476725,11.383309767435195,0,False,False,True
-1.4813967752525272,-1.241302698742361,16.368543001859994,0.2331102563239773,11.430441810982602,0,True,False,False
-1.4304008209523538,-1.241302698742361,-24.463335464686857,0.2647100000746572,11.508995216894945,0,False,False,True
-1.3794048666521512,-1.1725537954246823,-9.872127912064004,2.0658953938634306,11.556127260442352,1,False,False,True
-1.3284089123519776,-1.1038048921070434,9.23957355397432,-1.5786083853816901,11.60325930398976,0,False,False,True
-1.3284089123519776,-1.1038048921070434,-17.566696043711055,0.1593775209057231,11.650391347537164,0,False,True,False
-1.3284089123519776,-1.1038048921070434,29.28172549312573,-0.4410176103572017,11.681812709902102,0,False,False,True
-1.3284089123519776,-1.1038048921070434,16.586960868522876,-0.06182068534903863,8.30401625567131,0,False,True,False
-1.3284089123519776,-1.1038048921070434,-3.9726461140878055,-0.009154445764571625,8.335437618036249,0,False,True,False
-1.3284089123519776,-1.1038048921070434,-3.903852784730789,0.38057572716048493,8.366858980401187,0,False,True,False
-1.3794048666521512,-1.1725537954246823,-14.75081786976147,0.18044401673951016,8.398280342766125,0,False,False,True
-1.3794048666521512,-1.241302698742361,11.679456539350792,-0.4515508582740945,8.44541238631353,0,False,True,False
-1.3284089123519776,-1.1725537954246823,2.432267788761357,-1.3784766749607154,8.476833748678468,0,False,True,False
-1.3284089123519776,-1.1725537954246823,13.789634792108755,0.2120437604901901,8.508255111043406,0,False,True,False
-1.3284089123519776,-1.1038048921070434,18.17377804478395,1.328568039680892,8.539676473408342,0,False,False,True
-1.3284089123519776,-1.1038048921070434,33.49547724173909,0.10671128132125599,8.586808516955749,0,False,False,True
-1.3794048666521512,-1.1038048921070434,21.916590744205983,0.5069747021632055,8.633940560503156,0,False,False,True
-1.3794048666521512,-1.1725537954246823,6.547026755571394,-2.1790035166446144,8.681072604050563,0,True,False,False
-1.3794048666521512,-1.1725537954246823,27.272558501997338,-0.820214535365364,8.759626009962906,0,False,False,True
-1.3794048666521512,-1.1725537954246823,25.029516951313084,-2.421268218733163,8.806758053510313,0,False,True,False
-1.3794048666521512,-1.1038048921070434,61.94299189152988,0.46484171049563194,8.83817941587525,0,False,False,True
-1.3794048666521512,-1.1725537954246823,2.2480521275640557,-0.1882196603517592,8.885311459422656,0,False,True,False
-1.3284089123519776,-1.241302698742361,42.93495617315778,-0.6516825686950699,8.916732821787594,0,False,True,False
-1.3794048666521512,-1.241302698742361,-36.516092974624684,-1.6312746249661572,8.948154184152532,0,False,False,True
-1.3794048666521512,-1.241302698742361,-31.934407799418413,-0.1882196603517592,8.995286227699937,0,False,False,True
-1.3284089123519776,-1.1725537954246823,8.9581056668244,0.2015105125732966,9.042418271247344,0,False,False,True
-1.3284089123519776,-1.1725537954246823,32.6530023515847,2.1396281292816846,9.089550314794751,0,False,True,False
-1.3284089123519776,-1.241302698742361,-26.407358090969367,1.0547035938416633,9.120971677159687,0,False,True,False
-1.3794048666521512,-1.31005160206,-8.929347412656387,-1.220477956207314,9.152393039524625,0,False,True,False
-1.4304008209523538,-1.3788005053776784,-21.519770642886172,0.2647100000746572,9.183814401889563,0,False,False,True
-1.3794048666521512,-1.3788005053776784,-5.950374531086559,-0.4199511145234146,9.23094644543697,0,False,True,False
-1.3794048666521512,-1.3788005053776784,-24.576731771099727,0.9493711146727289,9.262367807801908,0,False,True,False
-1.3284089123519776,-1.3788005053776784,-25.37855290658717,1.5918992376032275,9.293789170166844,0,False,False,True
-1.3284089123519776,-1.31005160206,-17.901575295719066,1.8341639396917757,9.340921213714251,0,False,True,False
-1.3284089123519776,-1.31005160206,52.758886822378074,1.4444337667667198,9.37234257607919,0,False,True,False
-1.3284089123519776,-1.31005160206,1.1763627325898205,-1.294210691625568,9.403763938444127,0,False,False,True
-1.3794048666521512,-1.3788005053776784,6.822704715974917,0.6860399167503938,9.450895981991533,0,False,True,False
-1.3794048666521512,-1.4475494086953566,-10.965452305947199,-1.6102081291323704,9.48231734435647,0,False,True,False
-1.3794048666521512,-1.3788005053776784,10.43715936929733,0.5280411979969926,9.513738706721409,0,False,False,True
-1.3794048666521512,-1.4475494086953566,-9.674654406398858,-1.0308794937032326,9.560870750268815,0,False,True,False
-1.4304008209523538,-1.4475494086953566,-4.244954822407369,-1.0098129978694461,9.592292112633752,0,False,False,True
-1.4304008209523538,-1.4475494086953566,-18.133558673296807,0.517507950080099,9.639424156181159,0,False,False,True
-1.4813967752525272,-1.4475494086953566,19.73237840192093,0.49644145424631264,9.686556199728566,0,False,True,False
-1.4813967752525272,-1.516298312012996,19.203219833292515,-1.020346245786339,9.717977562093502,0,False,True,False
-1.4813967752525272,-1.516298312012996,-36.15776880048941,0.04351179381989538,9.74939892445844,0,False,True,False
-1.4813967752525272,-1.516298312012996,-14.601965016871786,1.117903081343024,9.780820286823378,0,False,True,False
-1.5323927295527298,-1.516298312012996,-3.67350795481364,1.0547035938416633,9.812241649188316,0,False,True,False
-1.5323927295527298,-1.6537961186483134,7.78576274746037,-0.272485643686907,9.843663011553254,0,False,True,False
-1.5833886838529323,-1.6537961186483134,31.079140502730976,-0.4515508582740945,9.87508437391819,0,False,True,False
-1.634384638153106,-1.7912939252836702,17.8419175849758,1.0441703459247695,9.906505736283128,0,False,False,True
-1.634384638153106,-1.7912939252836702,13.3126076346742,0.8756383792544749,9.953637779830535,0,False,True,False
-1.634384638153106,-1.7225450219659917,-5.250408520465325,0.2541767521577636,9.985059142195473,0,False,True,False
-1.6853805924533087,-1.7912939252836702,-6.194082649126275,-0.6095495770274958,10.016480504560409,0,True,False,False
-1.6853805924533087,-1.7912939252836702,6.370326967329732,-0.5674165853599222,10.095033910472754,0,False,True,False
-1.5833886838529323,-1.7225450219659917,11.296924792202907,-0.9255470145342986,10.126455272837692,0,False,False,True
-1.5833886838529323,-1.6537961186483134,-35.60936816318824,0.5280411979969926,10.173587316385097,0,False,True,False
-1.5833886838529323,-1.7225450219659917,3.050271394402432,1.1705693209274908,10.205008678750035,0,False,False,True
-1.5323927295527298,-1.6537961186483134,17.372268504381857,0.2541767521577636,10.252140722297442,0,False,True,False
-1.5323927295527298,-1.585047215330674,13.712234376508887,-0.06182068534903863,10.28356208466238,0,False,True,False
-1.5323927295527298,-1.585047215330674,5.865256046433245,2.1185616334478987,10.314983447027316,0,False,True,False
-1.5323927295527298,-1.585047215330674,10.686486844237223,1.1705693209274908,10.346404809392254,0,False,False,True
-1.4813967752525272,-1.516298312012996,-7.736810184620406,2.150161377198578,10.393536852939661,0,False,True,False
-1.4813967752525272,-1.516298312012996,15.168596520969851,0.24364350424087003,10.4249582153046,0,False,True,False
-1.4813967752525272,-1.516298312012996,22.48333192802208,0.41217547091116485,10.456379577669535,0,False,False,True
-1.4304008209523538,-1.4475494086953566,-22.665445013421603,-0.4410176103572017,10.503511621216942,0,False,True,False
-1.4304008209523538,-1.4475494086953566,-14.04182909295497,-1.6207413770492636,10.53493298358188,0,False,True,False
-1.4304008209523538,-1.4475494086953566,-21.31156779241348,0.865105131337582,10.566354345946818,0,False,True,False
-1.4304008209523538,-1.4475494086953566,-6.521626398809251,-0.16715316451797285,10.597775708311755,0,False,True,False
-1.3794048666521512,-1.3788005053776784,-4.079105572937671,-1.11514547703838,10.629197070676693,0,False,False,True
-1.4304008209523538,-1.4475494086953566,15.131538732492253,-0.2935521395206933,10.6763291142241,0,True,False,False
-1.4304008209523538,-1.4475494086953566,1.6097260886931926,-0.2619523957700134,10.754882520136443,0,False,False,True
-1.4813967752525272,-1.4475494086953566,23.158932490857413,-2.0736710374756804,10.80201456368385,0,False,False,True
-1.4304008209523538,-1.3788005053776784,-24.897554296414388,0.3911089750773785,10.849146607231257,0,False,True,False
-1.4304008209523538,-1.4475494086953566,31.538811128553807,-0.3040853874375869,10.880567969596195,0,False,True,False
-1.4813967752525272,-1.4475494086953566,46.105354991800525,-0.11448692493350575,10.91198933196113,0,False,False,True
-1.4813967752525272,-1.3788005053776784,0.16340236290502486,0.29630974382533715,10.959121375508538,0,False,True,False
-1.4813967752525272,-1.4475494086953566,-21.472119823202085,-0.06182068534903863,10.990542737873476,0,False,True,False
-1.5323927295527298,-1.4475494086953566,28.230306615517485,0.6439069250828203,11.021964100238414,0,False,True,False
-1.5323927295527298,-1.516298312012996,18.79709798831066,-0.009154445764571625,11.053385462603352,0,False,True,False
-1.4813967752525272,-1.516298312012996,1.3741264995959055,-0.35675162702205393,11.084806824968288,0,False,True,False
-1.4813967752525272,-1.4475494086953566,15.165735249631304,0.9599043625896226,11.116228187333226,0,False,True,False
-1.4813967752525272,-1.516298312012996,20.903449642483693,-0.5990163291106029,11.147649549698164,0,False,False,True
-1.4304008209523538,-1.4475494086953566,32.93999305136303,1.90789667511003,11.19478159324557,0,False,True,False
-1.3794048666521512,-1.4475494086953566,26.123337375991447,0.19097726465640302,11.226202955610507,0,False,True,False
-1.3284089123519776,-1.3788005053776784,-11.37096255964401,0.6544401729997138,11.257624317975445,0,False,True,False
-1.3284089123519776,-1.3788005053776784,-7.857347312673051,0.2541767521577636,11.289045680340383,0,False,False,True
-1.3794048666521512,-1.4475494086953566,-10.699481796107815,-0.5884830811937094,11.33617772388779,0,False,True,False
-1.4304008209523538,-1.4475494086953566,7.378436879204963,0.00137880215232186,11.367599086252726,0,False,True,False
-1.4304008209523538,-1.4475494086953566,-7.620640546660054,-0.43048436244030813,11.399020448617664,0,False,False,True
-1.4304008209523538,-1.3788005053776784,28.64984718460868,-1.4732759062127558,11.446152492165071,0,False,True,False
-1.4304008209523538,-1.3788005053776784,26.92072924051686,0.3173762396591243,11.477573854530009,0,True,False,False
-1.4304008209523538,-1.31005160206,-14.323316002535508,2.2449606084506186,11.556127260442352,1,False,False,True
-1.4304008209523538,-1.31005160206,-6.365342508554904,1.0231038500909833,11.60325930398976,1,False,True,False
-1.3794048666521512,-1.241302698742361,5.939964237213558,1.3391012875977857,11.634680666354697,1,False,True,False
-1.3794048666521512,-1.31005160206,9.292095826898672,1.2653685521795315,11.666102028719633,0,False,False,True
-1.3794048666521512,-1.31005160206,-2.3538644574889855,-0.4831506020247752,11.71323407226704,1,False,True,False
-1.4304008209523538,-1.31005160206,-6.262597688573102,-0.9150137666174049,8.30401625567131,0,False,True,False
-1.3794048666521512,-1.241302698742361,24.830806329473575,-0.68328231244575,8.335437618036249,0,False,True,False
-1.3284089123519776,-1.241302698742361,-16.65329685538536,-0.5674165853599222,8.366858980401187,0,False,False,True
-1.3284089123519776,-1.1725537954246823,70.29037918571987,0.6965731646672874,8.413991023948592,0,False,True,False
-1.3284089123519776,-1.1725537954246823,-33.93278966564093,-0.9571467582849789,8.44541238631353,0,False,True,False
-1.3284089123519776,-1.1725537954246823,25.810855761663255,0.5807074375814596,8.476833748678468,0,False,True,False
-1.277412958051775,-1.1038048921070434,1.9363713479969278,-0.43048436244030813,8.508255111043406,0,False,True,False
-1.277412958051775,-1.1038048921070434,11.709652376811793,-1.2520776999579943,8.539676473408342,0,False,False,True
-1.3284089123519776,-1.1725537954246823,-10.270244061327745,0.42270871882805844,8.586808516955749,0,False,False,True
-1.3284089123519776,-1.1725537954246823,-14.386720770454641,0.9177713709220491,8.633940560503156,0,False,True,False
-1.3284089123519776,-1.1725537954246823,-10.800420072047565,-0.12502017285039935,8.665361922868094,0,False,True,False
-1.277412958051775,-1.1038048921070434,11.027057183132138,0.45430846257873836,8.696783285233032,0,False,False,True
-1.277412958051775,-1.1038048921070434,2.5407680539491864,-1.6944741124675178,8.743915328780437,0,True,False,False
-1.3284089123519776,-1.1725537954246823,27.72484284864423,-1.1783449645397401,8.82246873469278,0,False,True,False
-1.3284089123519776,-1.241302698742361,-23.03083354726015,0.10671128132125599,8.853890097057718,0,False,True,False
-1.3284089123519776,-1.241302698742361,-23.131682775301748,0.6544401729997138,8.885311459422656,0,True,False,False
-1.3794048666521512,-1.31005160206,30.136708575477076,-1.294210691625568,8.963864865335001,0,False,False,True
-1.3794048666521512,-1.1725537954246823,-10.222281417461021,-0.2408858999362262,9.010996908882406,0,False,True,False
-1.3794048666521512,-1.241302698742361,4.1777408686292,-1.6418078728830505,9.042418271247344,0,False,True,False
-1.3794048666521512,-1.1725537954246823,-42.10912423973859,-2.6424664249879246,9.073839633612282,0,False,True,False
-1.3794048666521512,-1.1725537954246823,21.181803091063998,1.2548353042626381,9.10526099597722,0,False,False,True
-1.3794048666521512,-1.1725537954246823,16.666126188438312,-0.3146186353544804,9.152393039524625,0,False,True,False
-1.3794048666521512,-1.1725537954246823,0.5881125227973738,2.266027104284406,9.183814401889563,0,False,True,False
-1.3794048666521512,-1.1038048921070434,-14.084254360565275,-0.7464817999471106,9.215235764254501,0,False,False,True
-1.3284089123519776,-1.1038048921070434,4.410312228106131,0.00137880215232186,9.262367807801908,0,False,True,False
-1.3284089123519776,-1.1038048921070434,10.426160946592075,-0.009154445764571625,9.293789170166844,0,False,True,False
-1.3284089123519776,-1.1038048921070434,2.3968146851602694,-0.5674165853599222,9.325210532531782,0,False,True,False
-1.3284089123519776,-1.1038048921070434,-7.2078147861164075,-1.2520776999579943,9.35663189489672,0,False,True,False
-1.3794048666521512,-1.1038048921070434,-61.83095986294554,-0.272485643686907,9.388053257261658,0,False,True,False
-1.3794048666521512,-1.1038048921070434,2.5824431292007963,1.1073698334261304,9.419474619626595,0,False,False,True
-1.3794048666521512,-1.0350559887893651,-17.167403889880013,-0.5990163291106029,9.466606663174002,0,False,True,False
-1.3284089123519776,-1.0350559887893651,-15.165045415300483,-0.9044805187005117,9.49802802553894,0,False,False,True
-1.3284089123519776,-0.9663070854716869,13.959028166363739,-1.6207413770492636,9.545160069086347,0,False,True,False
-1.3284089123519776,-0.9663070854716869,-16.897041936473038,-1.884072574971599,9.576581431451283,0,False,False,True
-1.3284089123519776,-1.0350559887893651,29.609014161830054,-0.820214535365364,9.62371347499869,0,False,False,True
-1.3794048666521512,-1.1038048921070434,-12.481668188584568,-0.1882196603517592,9.670845518546097,0,False,False,True
-1.3794048666521512,-1.1038048921070434,-21.18081285068779,-1.778740095802665,9.717977562093502,0,True,False,False
-1.3794048666521512,-1.1725537954246823,4.881820105755165,0.2015105125732966,9.796530968005847,0,False,True,False
-1.3794048666521512,-1.1038048921070434,28.537228847689576,-0.5779498332768158,9.827952330370785,0,False,False,True
-1.4304008209523538,-1.1725537954246823,7.707660922735561,1.813097443857989,9.87508437391819,0,False,False,True
-1.4304008209523538,-1.1725537954246823,-12.192458334615942,-1.5154088978803295,9.922216417465597,0,False,True,False
-1.4304008209523538,-1.1725537954246823,6.393074763490538,0.6123071813321396,9.953637779830535,0,True,False,False
-1.4304008209523538,-1.1038048921070434,1.2942912550769248,-1.4732759062127558,10.032191185742878,0,False,False,True
-1.4304008209523538,-1.1725537954246823,21.788349245200564,-0.4936838499416688,10.079323229290285,0,False,True,False
-1.4304008209523538,-1.1725537954246823,12.549499006358538,-0.03022094159835797,10.110744591655223,0,False,True,False
-1.4304008209523538,-1.1038048921070434,13.0263834304134,-1.5575418895479036,10.142165954020161,0,False,True,False
-1.4304008209523538,-1.1038048921070434,-7.92299906193016,-2.389668474982483,10.173587316385097,0,True,False,False
-1.4304008209523538,-1.1725537954246823,-14.649478077858483,-1.020346245786339,10.252140722297442,0,False,True,False
-1.4813967752525272,-1.241302698742361,-22.86678335446163,1.7498979563566286,10.28356208466238,0,False,True,False
-1.4813967752525272,-1.241302698742361,-2.2208224337430735,-1.020346245786339,10.314983447027316,0,True,False,False
-1.4304008209523538,-1.241302698742361,20.536344183300212,-1.2520776999579943,10.393536852939661,0,False,False,True
-1.4813967752525272,-1.241302698742361,1.8335446269257978,0.5491076938307797,10.440668896487068,0,False,True,False
-1.5323927295527298,-1.31005160206,-6.7984783149221695,1.4760335105173998,10.472090258852004,0,False,True,False
-1.4304008209523538,-1.31005160206,-10.167451328071973,-1.346876931210035,10.503511621216942,0,True,False,False
-1.4304008209523538,-1.31005160206,3.603314535799809,-0.9255470145342986,10.582065027129287,0,False,True,False
-1.4304008209523538,-1.31005160206,-1.4394010899901672,0.1383110250719359,10.613486389494224,0,False,False,True
-1.3794048666521512,-1.31005160206,-6.408053594875255,-0.4199511145234146,10.66061843304163,0,False,True,False
-1.4304008209523538,-1.31005160206,-11.312631802635057,0.45430846257873836,10.692039795406568,0,False,True,False
-1.3794048666521512,-1.31005160206,18.004677017280027,-1.4627426582958625,10.723461157771506,0,False,True,False
-1.3794048666521512,-1.31005160206,-28.232543283841963,-0.4515508582740945,10.754882520136443,0,False,True,False
-1.3794048666521512,-1.31005160206,8.687962339864969,0.2541767521577636,10.78630388250138,0,True,False,False
-1.4304008209523538,-1.3788005053776784,-27.547341762247648,-1.5364753937141165,10.864857288413726,0,False,True,False
-1.3794048666521512,-1.3788005053776784,-17.620729780126506,-0.5147503457754552,10.896278650778662,0,False,True,False
-1.4304008209523538,-1.4475494086953566,24.445170057729538,1.0125706021740897,10.9277000131436,0,False,True,False
-1.4304008209523538,-1.4475494086953566,37.78958682836366,-0.4515508582740945,10.959121375508538,0,False,False,True
-1.4304008209523538,-1.4475494086953566,12.520901075748744,3.730148564732591,11.006253419055945,1,False,True,False
-1.4813967752525272,-1.4475494086953566,3.2880757849223117,1.4760335105173998,11.037674781420883,0,True,False,False
-1.4813967752525272,-1.516298312012996,-15.600505317934557,0.3911089750773785,11.116228187333226,0,False,True,False
-1.4813967752525272,-1.516298312012996,5.752135926611713,-1.3047439395424612,11.147649549698164,0,False,True,False
-1.4813967752525272,-1.4475494086953566,-23.735564000878085,-1.3784766749607154,11.179070912063102,0,False,False,True
-1.4304008209523538,-1.4475494086953566,25.996812743398095,-2.0736710374756804,11.226202955610507,0,False,True,False
-1.4304008209523538,-1.4475494086953566,21.15292169432956,-1.1572784687059539,11.257624317975445,0,False,False,True
-1.4304008209523538,-1.3788005053776784,-55.810914845722614,-0.9360802624511917,11.304756361522852,0,False,False,True
-1.3794048666521512,-1.31005160206,32.95173068860678,-0.5884830811937094,11.351888405070257,0,False,True,False
-1.3794048666521512,-1.31005160206,12.94912317323303,-0.9887465020356588,11.383309767435195,0,False,False,True
-1.3794048666521512,-1.31005160206,5.257656136250574,1.9816294105282837,11.430441810982602,0,False,False,True
-1.3794048666521512,-1.31005160206,1.0608176661016153,0.6017739334152468,11.477573854530009,0,False,True,False
-1.4304008209523538,-1.31005160206,0.03721829419163725,-0.9571467582849789,11.508995216894945,0,False,True,False
-1.3794048666521512,-1.31005160206,39.380498013794536,-0.325151883271374,11.540416579259883,0,False,True,False
-1.3794048666521512,-1.31005160206,-15.154107677656123,1.0336370980078762,8.30401625567131,0,False,True,False
-1.3794048666521512,-1.31005160206,4.448801816463343,1.2969682959302113,8.335437618036249,0,True,False,False
-1.3794048666521512,-1.241302698742361,2.875365583025623,1.4233672709329328,8.413991023948592,0,False,True,False
-1.3794048666521512,-1.241302698742361,-16.11458901928198,-0.9044805187005117,8.44541238631353,0,True,False,False
-1.3794048666521512,-1.1725537954246823,23.793337744329413,-0.1882196603517592,8.523965792225873,0,False,True,False
-1.3794048666521512,-1.241302698742361,-6.987084297225509,0.10671128132125599,8.555387154590811,0,False,True,False
-1.3284089123519776,-1.1725537954246823,-1.1135685522991419,0.8229721396700078,8.586808516955749,0,False,False,True
-1.3794048666521512,-1.241302698742361,-5.356675882510802,-0.5358168416092424,8.633940560503156,0,False,False,True
-1.3284089123519776,-1.1725537954246823,60.77958054496807,-1.9156723187222793,8.681072604050563,0,False,True,False
-1.277412958051775,-1.0350559887893651,81.89546085675603,-1.020346245786339,8.712493966415499,0,False,False,True
-1.277412958051775,-0.9663070854716869,-27.950182021297376,-0.12502017285039935,8.759626009962906,0,False,False,True
-1.277412958051775,-0.9663070854716869,61.02840591618317,-0.03022094159835797,8.806758053510313,0,False,True,False
-1.2264170037515723,-0.9663070854716869,-15.138502697950145,0.9493711146727289,8.83817941587525,0,False,False,True
-1.2264170037515723,-0.9663070854716869,-6.202658697635593,1.1600360730105976,8.885311459422656,0,False,True,False
-1.2264170037515723,-0.9663070854716869,-15.660980964482496,-0.17768641243486635,8.916732821787594,0,False,False,True
-1.2264170037515723,-0.9663070854716869,-0.29067317397550085,-1.2099447082904207,8.963864865335001,0,False,True,False
-1.2264170037515723,-0.8975581821540476,35.690658020696375,-0.10395367701661216,8.995286227699937,0,False,True,False
-1.2264170037515723,-0.9663070854716869,-20.726381820954302,0.865105131337582,9.026707590064875,0,False,False,True
-1.2264170037515723,-0.8975581821540476,28.852048306726058,-0.8307477832822575,9.073839633612282,0,True,False,False
-1.2264170037515723,-0.8975581821540476,12.779553599124672,0.6965731646672874,9.152393039524625,0,False,False,True
-1.2264170037515723,-0.9663070854716869,10.44591445975977,0.2225770084070837,9.199525083072032,0,False,True,False
-1.3284089123519776,-1.1038048921070434,-1.4774343915364074,-1.1046122291214864,9.23094644543697,0,False,False,True
-1.3284089123519776,-1.1038048921070434,-8.842688026813672,-0.13555342076729207,9.278078488984375,0,False,True,False
-1.3794048666521512,-1.1725537954246823,-2.2065176052048128,0.6228404292490332,9.309499851349313,0,False,True,False
-1.3284089123519776,-1.1038048921070434,3.6650310604684013,0.12777777715504315,9.340921213714251,0,False,True,False
-1.3284089123519776,-1.0350559887893651,14.830030530899187,0.29630974382533715,9.37234257607919,0,False,True,False
-1.3284089123519776,-1.1038048921070434,34.02579986227735,1.0968365855092368,9.403763938444127,0,False,True,False
-1.3284089123519776,-1.0350559887893651,-5.468039119716922,-0.6095495770274958,9.435185300809064,0,False,True,False
-1.3284089123519776,-1.0350559887893651,-3.645148439994125,0.07511153757057605,9.466606663174002,0,False,True,False
-1.3284089123519776,-1.0350559887893651,-11.6481495969097,-1.346876931210035,9.49802802553894,0,False,True,False
-1.277412958051775,-0.9663070854716869,1.9072166646073612,0.6228404292490332,9.529449387903878,0,False,False,True
-1.2264170037515723,-0.9663070854716869,7.946176002410334,-1.0414127416201258,9.576581431451283,0,False,True,False
-1.2264170037515723,-0.9663070854716869,1.1063408071697558,-0.767548295780897,9.60800279381622,0,False,True,False
-1.2264170037515723,-0.9663070854716869,-11.987100629872726,0.7071064125841808,9.639424156181159,0,True,False,False
-1.2264170037515723,-0.9663070854716869,7.833852278029804,0.2120437604901901,9.717977562093502,0,False,False,True
-1.1754210494513988,-0.8975581821540476,-3.1419425808203365,0.6017739334152468,9.765109605640909,0,False,True,False
-1.1754210494513988,-0.8975581821540476,-13.199909905850578,0.022445297986108937,9.796530968005847,0,False,True,False
-1.1754210494513988,-0.8288092788363692,-17.80565840241433,1.0863033375923432,9.827952330370785,0,True,False,False
-1.1754210494513988,-0.8975581821540476,6.4790592668471465,-1.14674522078906,9.906505736283128,0,False,True,False
-1.1754210494513988,-0.8975581821540476,41.50995019316893,-1.220477956207314,9.937927098648066,0,False,True,False
-1.2264170037515723,-0.9663070854716869,19.622853636573478,-0.3146186353544804,9.969348461013004,0,False,True,False
-1.277412958051775,-1.0350559887893651,16.11256285524469,-0.325151883271374,10.000769823377942,0,False,True,False
-1.277412958051775,-1.0350559887893651,35.38679011446682,-0.009154445764571625,10.032191185742878,0,False,True,False
-1.277412958051775,-1.0350559887893651,23.993798195062574,-0.3778181228558411,10.063612548107816,0,False,True,False
-1.2264170037515723,-1.0350559887893651,0.7109406024421516,-0.6095495770274958,10.095033910472754,0,False,True,False
-1.2264170037515723,-1.0350559887893651,-14.372753651080844,0.2752432479915508,10.126455272837692,0,False,True,False
-1.277412958051775,-1.0350559887893651,25.287144109501835,0.1699107688226167,10.157876635202628,0,False,False,True
-1.2264170037515723,-1.0350559887893651,-20.7721936720734,-0.3040853874375869,10.205008678750035,0,False,True,False
-1.2264170037515723,-0.9663070854716869,-50.284647344628944,0.00137880215232186,10.236430041114973,0,False,True,False
-1.1754210494513988,-0.8975581821540476,-9.54815289961772,-1.346876931210035,10.267851403479911,0,False,True,False
-1.2264170037515723,-0.9663070854716869,-34.179866906294926,0.04351179381989538,10.299272765844847,0,False,True,False
-1.277412958051775,-0.9663070854716869,-11.00646413053606,1.1073698334261304,10.330694128209785,0,False,False,True
-1.277412958051775,-0.9663070854716869,-24.027270456564207,1.7920309480242025,10.377826171757192,0,False,False,True
-1.2264170037515723,-0.9663070854716869,24.683245303272102,0.05404504173678897,10.4249582153046,0,False,True,False
-1.277412958051775,-0.9663070854716869,-4.775628578087171,1.4339005188498262,10.456379577669535,0,False,True,False
-1.277412958051775,-0.9663070854716869,19.586237078667697,-0.6516825686950699,10.487800940034473,0,False,True,False
-1.277412958051775,-0.9663070854716869,6.993663454542109,-0.4199511145234146,10.519222302399411,0,False,True,False
-1.277412958051775,-1.0350559887893651,-25.175492449570484,1.8341639396917757,10.55064366476435,0,False,True,False
-1.277412958051775,-1.1038048921070434,-8.698459734824425,1.5602994938525467,10.582065027129287,0,False,False,True
-1.277412958051775,-1.0350559887893651,-14.11192344462611,1.2969682959302113,10.629197070676693,0,False,True,False
-1.3284089123519776,-1.1038048921070434,18.35431201055646,0.6544401729997138,10.66061843304163,0,True,False,False
-1.277412958051775,-0.9663070854716869,-23.787921918749248,-0.47261735410788164,10.739171838953975,0,False,False,True
-1.277412958051775,-1.0350559887893651,0.7390765979275639,-1.2626109478748875,10.78630388250138,0,True,False,False
-1.277412958051775,-1.0350559887893651,-17.932316789647903,-1.0519459895370193,10.864857288413726,0,False,False,True
-1.2264170037515723,-0.9663070854716869,-32.02379154836909,-0.03022094159835797,10.91198933196113,0,False,False,True
-1.2264170037515723,-0.9663070854716869,-9.516157532751174,0.7703059000855408,10.959121375508538,0,False,True,False
-1.2264170037515723,-0.9663070854716869,-26.570190942615945,-2.6951326645723923,10.990542737873476,0,False,True,False
-1.2264170037515723,-0.9663070854716869,0.5295712886092316,2.3608263355364465,11.021964100238414,0,False,True,False
-1.2264170037515723,-0.9663070854716869,-10.861091709996062,1.4128340230160392,11.053385462603352,0,False,False,True
-1.2264170037515723,-0.8975581821540476,-9.8877734017524,0.12777777715504315,11.100517506150757,0,False,False,True
-1.2264170037515723,-0.8288092788363692,-1.0372288914701164,0.46484171049563194,11.147649549698164,0,True,False,False
-1.1754210494513988,-0.8288092788363692,28.379897443626493,-1.6312746249661572,11.226202955610507,0,False,True,False
-1.1754210494513988,-0.8975581821540476,-5.339145449832881,0.7176396605010736,11.257624317975445,0,False,True,False
-1.1754210494513988,-0.8288092788363692,2.1687666561963166,0.5912406854983533,11.289045680340383,0,False,False,True
-1.1754210494513988,-0.76006037551873,5.533399522756701,-1.346876931210035,11.33617772388779,0,False,True,False
-1.1244250951511958,-0.76006037551873,-5.027896956218644,-0.820214535365364,11.367599086252726,0,True,False,False
-1.1244250951511958,-0.76006037551873,-3.301759657771918,-1.5154088978803295,11.446152492165071,1,False,True,False
-1.1244250951511958,-0.6913114722010516,-1.4903214853955908,2.5504247980405284,8.30401625567131,1,False,True,False
-1.1244250951511958,-0.76006037551873,-8.368494145948686,0.04351179381989538,8.335437618036249,0,False,True,False
-1.0734291408510228,-0.6225625688833734,-23.139761197636982,0.3173762396591243,8.366858980401187,0,False,True,False
-1.1244250951511958,-0.6913114722010516,10.79505946173493,1.7814977001073087,8.398280342766125,0,False,True,False
-1.0734291408510228,-0.6225625688833734,19.828619089861064,0.49644145424631264,8.42970170513106,0,True,False,False
-1.0734291408510228,-0.6225625688833734,-0.8040792643456033,-0.325151883271374,8.508255111043406,0,False,True,False
-1.0734291408510228,-0.6225625688833734,-23.418527098077686,-0.409417866606521,8.539676473408342,0,False,True,False
-1.1244250951511958,-0.6913114722010516,59.57971943889619,0.5280411979969926,8.57109783577328,0,False,False,True
-1.0734291408510228,-0.6225625688833734,-19.834670708236537,-0.35675162702205393,8.618229879320687,0,False,True,False
-1.0224331865508198,-0.5538136655657341,-14.645372740842294,-0.35675162702205393,8.649651241685625,0,False,True,False
-1.0734291408510228,-0.6225625688833734,-51.33569146659355,1.0863033375923432,8.681072604050563,0,False,True,False
-1.0734291408510228,-0.6913114722010516,-28.63449935886097,-1.1572784687059539,8.712493966415499,0,False,True,False
-1.0734291408510228,-0.6913114722010516,24.583068542990897,0.7703059000855408,8.743915328780437,0,False,True,False
-1.0734291408510228,-0.6913114722010516,1.926123499889613,0.022445297986108937,8.775336691145375,0,False,True,False
-1.0734291408510228,-0.6225625688833734,13.741052177264828,-0.8412810311991512,8.806758053510313,0,False,True,False
-1.0224331865508198,-0.6913114722010516,17.061931898728034,-0.15661991660107927,8.83817941587525,0,False,False,True
-1.0734291408510228,-0.6913114722010516,-12.71505692194233,-1.936738814556066,8.885311459422656,0,False,False,True
-1.0734291408510228,-0.6913114722010516,13.58101134734825,-0.4410176103572017,8.932443502970063,0,False,True,False
-1.0734291408510228,-0.6913114722010516,-5.170694870440922,0.09617803340436248,8.963864865335001,0,False,False,True
-1.0734291408510228,-0.76006037551873,-34.288730729320605,0.06457828965368245,9.010996908882406,0,False,True,False
-1.0734291408510228,-0.6913114722010516,3.539251280640867,-0.2514191478531198,9.042418271247344,0,False,True,False
-1.0224331865508198,-0.76006037551873,1.839241913024116,-0.2408858999362262,9.073839633612282,0,False,True,False
-1.0734291408510228,-0.8288092788363692,-5.3563180038531595,0.9493711146727289,9.10526099597722,0,False,False,True
-1.0734291408510228,-0.8288092788363692,-9.535278412070754,-0.2514191478531198,9.152393039524625,0,False,False,True
-1.0734291408510228,-0.8288092788363692,9.44119968106561,-0.9044805187005117,9.199525083072032,0,False,True,False
-1.0734291408510228,-0.8288092788363692,-20.778002027870045,-0.8307477832822575,9.23094644543697,0,False,False,True
-1.1244250951511958,-0.8975581821540476,-28.667754304495624,0.4437752146618455,9.278078488984375,0,False,True,False
-1.1244250951511958,-0.8288092788363692,11.084267275047596,-0.325151883271374,9.309499851349313,0,False,True,False
-1.1244250951511958,-0.8288092788363692,-12.09873807131614,-0.5042170978585616,9.340921213714251,0,False,True,False
-1.1244250951511958,-0.8288092788363692,-10.392731690818794,-0.409417866606521,9.37234257607919,0,False,True,False
-1.1244250951511958,-0.8288092788363692,10.59959960912706,-0.7464817999471106,9.403763938444127,0,False,True,False
-1.0734291408510228,-0.76006037551873,5.501953540140569,0.42270871882805844,9.435185300809064,0,False,False,True
-1.0734291408510228,-0.8288092788363692,10.28488541648856,0.9072381230051556,9.48231734435647,0,False,True,False
-1.0224331865508198,-0.76006037551873,-6.8197312672227195,0.09617803340436248,9.513738706721409,0,False,True,False
-1.0224331865508198,-0.6913114722010516,4.4767806103845444,1.6761652209383746,9.545160069086347,0,False,False,True
-1.0734291408510228,-0.6913114722010516,6.358706982119756,-2.747798904156859,9.592292112633752,0,False,False,True
-1.0224331865508198,-0.6913114722010516,-14.294824676092889,0.9599043625896226,9.639424156181159,0,False,False,True
-1.0224331865508198,-0.76006037551873,-10.31019362230043,1.4655002626005063,9.686556199728566,0,False,True,False
-1.0224331865508198,-0.6913114722010516,30.67113090295028,-0.7991480395315776,9.717977562093502,0,False,True,False
-1.0224331865508198,-0.76006037551873,23.585319672098684,-0.3040853874375869,9.74939892445844,0,False,True,False
-1.0734291408510228,-0.8288092788363692,-8.021495229484865,-0.8728807749498315,9.780820286823378,0,False,True,False
-1.1754210494513988,-0.8288092788363692,27.582122473142682,0.3911089750773785,9.812241649188316,0,True,False,False
-1.1244250951511958,-0.8288092788363692,-1.7548599329116643,1.0125706021740897,9.890795055100659,0,False,True,False
-1.1754210494513988,-0.8288092788363692,8.39988167423066,1.0757700896754503,9.922216417465597,0,False,True,False
-1.1754210494513988,-0.8288092788363692,0.16871021495741267,1.7920309480242025,9.953637779830535,0,False,False,True
-1.1244250951511958,-0.76006037551873,-6.025277367819209,1.90789667511003,10.000769823377942,0,False,True,False
-1.1244250951511958,-0.6913114722010516,5.351081157151855,-1.0519459895370193,10.032191185742878,0,False,False,True
-1.0734291408510228,-0.6913114722010516,32.25051015880784,-0.15661991660107927,10.079323229290285,0,False,False,True
-1.0734291408510228,-0.6913114722010516,-10.624337072296711,0.41217547091116485,10.126455272837692,0,False,True,False
-1.0734291408510228,-0.6913114722010516,-16.495833420288445,0.7176396605010736,10.157876635202628,0,False,True,False
-1.0224331865508198,-0.6225625688833734,30.841821951427484,-1.7260738562181976,10.189297997567566,0,False,True,False
-1.0224331865508198,-0.6225625688833734,-23.307758137784027,-1.7366071041350912,10.220719359932504,0,False,True,False
-1.0224331865508198,-0.6225625688833734,-9.055092557475579,0.45430846257873836,10.252140722297442,0,False,True,False
-0.9714372322506176,-0.6225625688833734,-20.56799418538649,-0.2619523957700134,10.28356208466238,0,False,False,True
-0.9714372322506176,-0.6913114722010516,-5.311743083625082,-2.3370022353980158,10.330694128209785,0,False,False,True
-0.920441277950444,-0.5538136655657341,7.340069499968242,-1.8314063353871317,10.377826171757192,0,False,True,False
-0.920441277950444,-0.6225625688833734,-8.294652565445219,-0.3672848749389475,10.40924753412213,0,False,True,False
-0.920441277950444,-0.6225625688833734,-22.85914667879013,1.2653685521795315,10.440668896487068,0,False,True,False
-0.8694453236502413,-0.6225625688833734,6.273950152263506,0.5385744459138861,10.472090258852004,0,False,True,False
-0.8694453236502413,-0.6225625688833734,26.1241435241771,-2.0736710374756804,10.503511621216942,0,False,True,False
-0.920441277950444,-0.76006037551873,14.673877330787088,-0.5042170978585616,10.53493298358188,0,False,False,True
-0.9714372322506176,-0.8975581821540476,-35.107367071016476,-0.8834140228667247,10.582065027129287,0,False,True,False
-0.9714372322506176,-0.8288092788363692,3.632535055212169,-1.5364753937141165,10.613486389494224,0,False,False,True
-0.920441277950444,-0.8288092788363692,20.46440551207374,0.12777777715504315,10.66061843304163,0,False,False,True
-0.920441277950444,-0.8288092788363692,-14.77105753287071,1.2548353042626381,10.707750476589037,0,True,False,False
-0.9714372322506176,-0.8975581821540476,-26.55410598565326,1.0125706021740897,10.78630388250138,0,False,False,True
-0.9714372322506176,-0.8975581821540476,-23.18892865878707,-1.14674522078906,10.833435926048788,0,False,True,False
-0.920441277950444,-0.8975581821540476,-14.627409780655942,2.2028276167830447,10.864857288413726,0,False,False,True
-0.8694453236502413,-0.8288092788363692,31.900121528008416,0.9493711146727289,10.91198933196113,0,False,True,False
-0.8694453236502413,-0.8288092788363692,-19.402247958525564,-1.3363436832931415,10.943410694326069,0,False,True,False
-0.8694453236502413,-0.76006037551873,12.77470118402526,-1.3363436832931415,10.974832056691007,0,False,True,False
-0.8694453236502413,-0.76006037551873,-40.092754868015554,-1.3679434270438218,11.006253419055945,0,False,True,False
-0.8694453236502413,-0.76006037551873,36.75031189518407,-0.9782132541187655,11.037674781420883,0,False,True,False
-0.8694453236502413,-0.6225625688833734,17.9048261463052,0.06457828965368245,11.069096143785819,0,False,False,True
-0.8694453236502413,-0.6913114722010516,25.258866955059123,-0.820214535365364,11.116228187333226,0,False,True,False
-0.8694453236502413,-0.6913114722010516,-4.615983393083216,-1.4838091541296494,11.147649549698164,0,True,False,False
-0.920441277950444,-0.6225625688833734,10.858866330154058,-1.1783449645397401,11.226202955610507,0,False,False,True
-0.9714372322506176,-0.6913114722010516,-2.1684748449801834,-0.409417866606521,11.273334999157914,0,False,False,True
-0.920441277950444,-0.6913114722010516,-3.5265356771112786,0.05404504173678897,11.320467042705321,0,False,False,True
-0.8694453236502413,-0.6225625688833734,-17.741844084063345,-0.9360802624511917,11.367599086252726,0,False,True,False
-0.920441277950444,-0.6913114722010516,0.5354356146812084,-0.8939472707836182,11.399020448617664,0,False,True,False
-0.920441277950444,-0.6225625688833734,-17.504589319941623,-0.5042170978585616,11.430441810982602,0,False,True,False
-0.8694453236502413,-0.6225625688833734,4.948913271103244,1.9710961626113903,11.461863173347538,0,False,False,True
-0.8694453236502413,-0.6913114722010516,-0.07841300718669231,0.33844273549291143,8.30401625567131,0,True,False,False
-0.920441277950444,-0.6913114722010516,34.933510169139424,-1.2626109478748875,8.382569661583656,0,False,False,True
-0.920441277950444,-0.6913114722010516,-29.046782100053093,1.8762969313593494,8.42970170513106,0,False,True,False
-0.8694453236502413,-0.6913114722010516,13.244272403754051,-0.16715316451797285,8.461123067495999,0,True,False,False
-0.8694453236502413,-0.6225625688833734,-2.1708707658763533,0.7387061563348608,8.539676473408342,0,False,False,True
-0.8694453236502413,-0.6225625688833734,22.81414776563123,0.011912050069215451,8.586808516955749,0,False,True,False
-0.8694453236502413,-0.6913114722010516,4.2150116249779686,-0.325151883271374,8.618229879320687,0,False,False,True
-0.8694453236502413,-0.76006037551873,-1.2467258799442118,1.0231038500909833,8.665361922868094,0,False,False,True
-0.920441277950444,-0.76006037551873,26.723511537410882,-1.525942145797223,8.712493966415499,0,False,True,False
-0.920441277950444,-0.8288092788363692,19.079551210974095,1.823630691774882,8.743915328780437,0,False,True,False
-0.920441277950444,-0.8288092788363692,16.041775510329956,-0.8939472707836182,8.775336691145375,0,False,True,False
-0.920441277950444,-0.8288092788363692,-0.8303075815609622,2.2028276167830447,8.806758053510313,0,False,True,False
-0.920441277950444,-0.8288092788363692,29.54468906764205,2.150161377198578,8.83817941587525,0,False,True,False
-0.920441277950444,-0.8975581821540476,-17.036498453309648,-2.0526045416418937,8.869600778240187,0,False,True,False
-0.920441277950444,-0.9663070854716869,-10.02047529007736,1.4865667584342934,8.901022140605125,0,False,True,False
-0.920441277950444,-0.8975581821540476,1.3307550581420406,-0.4515508582740945,8.932443502970063,0,True,False,False
-0.920441277950444,-0.8975581821540476,13.652581671976103,1.5708327417694403,9.010996908882406,0,False,True,False
-0.920441277950444,-0.8975581821540476,-2.0545571878304774,-1.11514547703838,9.042418271247344,0,False,True,False
-0.9714372322506176,-0.8975581821540476,-31.920702153875276,-1.020346245786339,9.073839633612282,0,False,True,False
-0.920441277950444,-0.8975581821540476,-5.01013968095069,0.8861716271713684,9.10526099597722,0,False,True,False
-0.920441277950444,-0.8288092788363692,4.22781361364073,-0.009154445764571625,9.136682358342156,0,True,False,False
-0.920441277950444,-0.8288092788363692,-23.017668484730894,-1.241544452041101,9.215235764254501,0,False,False,True
-0.920441277950444,-0.8288092788363692,-17.66906021499049,0.34897598340980424,9.262367807801908,0,True,False,False
-0.920441277950444,-0.76006037551873,-23.258058511617474,0.5280411979969926,9.340921213714251,0,False,True,False
-0.920441277950444,-0.76006037551873,-35.429041003810056,0.45430846257873836,9.37234257607919,0,False,False,True
-0.8694453236502413,-0.6913114722010516,17.18415889227177,-1.3152771874593547,9.419474619626595,0,False,False,True
-0.920441277950444,-0.76006037551873,11.348650332393548,-0.8728807749498315,9.466606663174002,0,False,True,False
-0.920441277950444,-0.6913114722010516,14.06524330856342,0.8019056438362215,9.49802802553894,0,False,False,True
-0.920441277950444,-0.76006037551873,14.23306690081468,-0.8412810311991512,9.545160069086347,0,False,True,False
-0.920441277950444,-0.76006037551873,-16.23954687894291,-1.2520776999579943,9.576581431451283,0,False,True,False
-0.920441277950444,-0.76006037551873,22.93054945230924,1.3812342792653591,9.60800279381622,0,False,True,False
-0.920441277950444,-0.76006037551873,-24.766325300322688,0.5280411979969926,9.639424156181159,0,False,True,False
-0.920441277950444,-0.6913114722010516,40.878820877069614,0.4437752146618455,9.670845518546097,0,False,True,False
-0.920441277950444,-0.6913114722010516,35.1468443134044,1.8762969313593494,9.702266880911035,0,False,True,False
-0.920441277950444,-0.6913114722010516,-1.0539692762410717,-0.6200828249443893,9.73368824327597,0,False,True,False
-0.8694453236502413,-0.6225625688833734,-15.925620588274931,-0.20928615618554636,9.765109605640909,0,False,True,False
-0.9714372322506176,-0.6913114722010516,9.656619595503335,-0.39888461868962743,9.796530968005847,0,False,True,False
-0.920441277950444,-0.6913114722010516,11.134339055533667,0.8335053875869014,9.827952330370785,0,False,False,True
-0.920441277950444,-0.6913114722010516,-24.637488835165577,-0.09342042909971857,9.87508437391819,0,True,False,False
-0.9714372322506176,-0.76006037551873,21.64544598540485,0.3595092313266978,9.953637779830535,0,False,False,True
-0.9714372322506176,-0.76006037551873,24.38830339386454,1.117903081343024,10.000769823377942,0,False,True,False
-0.9714372322506176,-0.76006037551873,-52.03810214572084,1.0968365855092368,10.032191185742878,0,False,False,True
-0.9714372322506176,-0.76006037551873,24.53486138239281,0.2015105125732966,10.079323229290285,0,False,True,False
-0.9714372322506176,-0.76006037551873,16.85690786513441,1.0863033375923432,10.110744591655223,0,False,False,True
-0.9714372322506176,-0.76006037551873,21.156375015419158,-1.5680751374647965,10.157876635202628,0,False,False,True
-0.920441277950444,-0.6913114722010516,41.80462325458909,-0.17768641243486635,10.205008678750035,0,False,True,False
-0.8694453236502413,-0.6225625688833734,-25.892281340812485,0.3173762396591243,10.236430041114973,0,False,True,False
-0.8694453236502413,-0.6225625688833734,12.122762923301044,-1.0308794937032326,10.267851403479911,0,True,False,False
-0.8694453236502413,-0.5538136655657341,-28.888981088360147,-1.2310112041242074,10.346404809392254,0,False,False,True
-0.8694453236502413,-0.6225625688833734,19.345614644789055,1.0336370980078762,10.393536852939661,0,False,True,False
-0.8184493693500677,-0.6225625688833734,-13.68870944930042,0.844038635503795,10.4249582153046,0,False,True,False
-0.8694453236502413,-0.5538136655657341,-0.8466289681843692,-0.2514191478531198,10.456379577669535,0,False,True,False
-0.8184493693500677,-0.4850647622480557,14.747624190919627,0.08564478548746891,10.487800940034473,0,False,True,False
-0.8184493693500677,-0.41631585893041656,-38.82376221750272,0.33844273549291143,10.519222302399411,0,False,True,False
-0.7674534150498651,-0.41631585893041656,2.1015914970616816,-0.6727490645288564,10.55064366476435,0,True,False,False
-0.7674534150498651,-0.41631585893041656,31.464051693419876,0.5385744459138861,10.629197070676693,0,False,True,False
-0.7674534150498651,-0.41631585893041656,12.192392265010012,-0.6622158166119628,10.66061843304163,0,False,False,True
-0.7674534150498651,-0.3475669556127382,24.86136535389595,0.10671128132125599,10.707750476589037,0,False,True,False
-0.7674534150498651,-0.41631585893041656,-18.96717421550627,0.12777777715504315,10.739171838953975,0,True,False,False
-0.7674534150498651,-0.3475669556127382,-42.239330085861226,-0.19875290826865277,10.817725244866319,0,False,True,False
-0.7674534150498651,-0.41631585893041656,-0.028460028415931538,0.4753749584125254,10.849146607231257,0,False,True,False
-0.7674534150498651,-0.41631585893041656,29.220777826438873,-1.9472720624729594,10.880567969596195,0,False,True,False
-0.8184493693500677,-0.4850647622480557,-11.95668468311611,0.3279094875760179,10.91198933196113,0,False,True,False
-0.8184493693500677,-0.5538136655657341,35.40735105898233,1.4233672709329328,10.943410694326069,0,False,True,False
-0.7674534150498651,-0.4850647622480557,7.893503263905348,-0.19875290826865277,10.974832056691007,0,False,False,True
-0.7164574607496625,-0.41631585893041656,32.61548786768235,0.022445297986108937,11.021964100238414,0,False,True,False
-0.7164574607496625,-0.4850647622480557,-1.0139331905271614,-0.2514191478531198,11.053385462603352,0,False,True,False
-0.7164574607496625,-0.4850647622480557,-0.638845673223787,0.08564478548746891,11.084806824968288,0,False,False,True
-0.7164574607496625,-0.4850647622480557,41.02273907789628,-0.9255470145342986,11.131938868515695,0,False,True,False
-0.7674534150498651,-0.5538136655657341,-37.65328745270765,-0.6622158166119628,11.163360230880633,0,False,True,False
-0.7674534150498651,-0.6225625688833734,18.421892265367298,-2.2106032603952945,11.19478159324557,0,True,False,False
-0.7674534150498651,-0.6225625688833734,8.146738100064052,0.1383110250719359,11.273334999157914,0,False,True,False
-0.8184493693500677,-0.6913114722010516,-42.73110214146133,-0.409417866606521,11.304756361522852,0,False,False,True
-0.8184493693500677,-0.76006037551873,3.583678600360613,-0.21981940410243986,11.351888405070257,0,False,True,False
-0.7674534150498651,-0.6913114722010516,-7.966627265366328,-1.8946058228884926,11.383309767435195,0,False,False,True
-0.7674534150498651,-0.6913114722010516,19.087509169730925,0.05404504173678897,11.430441810982602,0,False,True,False
-0.8184493693500677,-0.76006037551873,-8.562530243990658,0.5069747021632055,11.461863173347538,0,False,True,False
-0.8184493693500677,-0.76006037551873,24.857274969093073,1.0547035938416633,11.493284535712476,0,False,True,False
-0.7674534150498651,-0.76006037551873,12.222630429009868,-0.8518142791160447,11.524705898077414,0,False,True,False
-0.7674534150498651,-0.76006037551873,-39.740745254446324,0.03297854590300179,11.556127260442352,0,True,False,False
-0.7674534150498651,-0.6913114722010516,-28.147564842538717,-0.9676800062018721,11.634680666354697,0,True,False,False
-0.7674534150498651,-0.6913114722010516,30.69525183648461,0.5069747021632055,11.71323407226704,0,False,True,False
-0.8184493693500677,-0.76006037551873,9.080573370075067,-0.3040853874375869,8.30401625567131,0,True,False,False
-0.8694453236502413,-0.76006037551873,-53.61654783239591,0.6439069250828203,8.382569661583656,0,False,False,True
-0.8694453236502413,-0.76006037551873,-25.268737623196856,-0.8623475270329378,8.42970170513106,0,True,False,False
-0.8694453236502413,-0.8288092788363692,-19.862248768613842,1.0968365855092368,8.508255111043406,0,False,False,True
-0.920441277950444,-0.8288092788363692,32.31714450244529,-0.6622158166119628,8.555387154590811,0,False,True,False
-0.920441277950444,-0.8288092788363692,12.70993314083727,0.7387061563348608,8.586808516955749,0,False,True,False
-0.920441277950444,-0.8288092788363692,-24.68170255092504,0.04351179381989538,8.618229879320687,0,False,False,True
-0.920441277950444,-0.8975581821540476,46.02446834278769,0.2752432479915508,8.665361922868094,0,False,False,True
-0.920441277950444,-0.8975581821540476,-8.47093783456354,0.9599043625896226,8.712493966415499,0,False,True,False
-0.920441277950444,-0.8975581821540476,8.208361970466681,-0.39888461868962743,8.743915328780437,0,False,False,True
-0.920441277950444,-0.8975581821540476,19.42663745167265,-2.3370022353980158,8.791047372327844,0,False,True,False
-0.8694453236502413,-0.8288092788363692,20.725096594140716,-1.0098129978694461,8.82246873469278,0,False,True,False
-0.920441277950444,-0.8975581821540476,-29.084501317267808,-1.2731441957917813,8.853890097057718,0,False,True,False
-0.920441277950444,-0.8288092788363692,-20.663475944310186,0.45430846257873836,8.885311459422656,0,False,True,False
-0.920441277950444,-0.8288092788363692,-15.88384706228242,-0.8518142791160447,8.916732821787594,0,False,False,True
-0.8694453236502413,-0.76006037551873,-25.392007471018875,-1.2626109478748875,8.963864865335001,0,False,True,False
-0.8694453236502413,-0.76006037551873,-15.62304358046554,1.3391012875977857,8.995286227699937,0,False,True,False
-0.8694453236502413,-0.76006037551873,-4.287319538367349,-1.5364753937141165,9.026707590064875,0,False,False,True
-0.920441277950444,-0.8975581821540476,-21.634832194339168,0.5385744459138861,9.073839633612282,0,False,True,False
-0.9714372322506176,-0.8975581821540476,-5.371188280516226,0.7808391480024344,9.10526099597722,0,False,False,True
-1.0224331865508198,-0.9663070854716869,8.354769614889197,0.2752432479915508,9.152393039524625,0,False,True,False
-1.0224331865508198,-0.9663070854716869,7.534800293480588,-0.7254153041133234,9.183814401889563,0,False,True,False
-1.0224331865508198,-1.0350559887893651,17.1414468017431,-0.735948552030217,9.215235764254501,0,False,False,True
-1.0734291408510228,-1.0350559887893651,-8.718051910877621,-0.5990163291106029,9.262367807801908,0,False,True,False
-1.0734291408510228,-1.0350559887893651,13.745625035473763,-1.2099447082904207,9.293789170166844,0,False,True,False
-1.0224331865508198,-0.9663070854716869,-14.686588910052379,1.6656319730214808,9.325210532531782,0,False,False,True
-1.0224331865508198,-1.0350559887893651,7.834500154589293,0.844038635503795,9.37234257607919,0,False,True,False
-1.0734291408510228,-1.0350559887893651,9.927891040346678,0.5385744459138861,9.403763938444127,0,False,True,False
-1.1754210494513988,-1.1038048921070434,-7.379995252993678,-0.14608666868418568,9.435185300809064,0,False,True,False
-1.1754210494513988,-1.1725537954246823,6.054458559079022,-0.3356851311882676,9.466606663174002,0,False,False,True
-1.1754210494513988,-1.1038048921070434,10.700934926877073,1.2548353042626381,9.513738706721409,0,True,False,False
-1.1754210494513988,-1.1038048921070434,-5.869368293556191,1.191635816761277,9.592292112633752,0,False,True,False
-1.1754210494513988,-1.1038048921070434,-39.91865501161554,0.14884427298882952,9.62371347499869,0,False,True,False
-1.1754210494513988,-1.0350559887893651,29.075862974013113,0.5807074375814596,9.655134837363628,0,False,True,False
-1.1244250951511958,-1.0350559887893651,-10.122462862530169,0.49644145424631264,9.686556199728566,0,False,False,True
-1.1754210494513988,-1.1038048921070434,-9.358792684746993,1.002037354257196,9.73368824327597,0,True,False,False
-1.1754210494513988,-1.1038048921070434,-4.744909885437757,-1.294210691625568,9.812241649188316,0,True,False,False
-1.1754210494513988,-1.1725537954246823,2.105143702534808,0.10671128132125599,9.890795055100659,0,True,False,False
-1.2264170037515723,-1.1725537954246823,-27.38482386024723,-1.1783449645397401,9.969348461013004,0,False,True,False
-1.277412958051775,-1.241302698742361,4.475121635182783,0.896704875088262,10.000769823377942,0,False,True,False
-1.3284089123519776,-1.31005160206,-14.510875482808247,0.6017739334152468,10.032191185742878,0,False,True,False
-1.277412958051775,-1.31005160206,14.455612916593182,0.2541767521577636,10.063612548107816,0,False,False,True
-1.277412958051775,-1.241302698742361,49.061098613813975,-0.6727490645288564,10.110744591655223,0,False,True,False
-1.277412958051775,-1.31005160206,19.519599960254258,-0.1882196603517592,10.142165954020161,0,True,False,False
-1.2264170037515723,-1.31005160206,4.985332499424761,1.8341639396917757,10.220719359932504,0,False,False,True
-1.277412958051775,-1.31005160206,2.9359025494442257,-1.7366071041350912,10.267851403479911,0,False,False,True
-1.277412958051775,-1.3788005053776784,24.29780978288723,-2.452867962483843,10.314983447027316,0,False,False,True
-1.3284089123519776,-1.4475494086953566,21.55250943780299,1.2653685521795315,10.362115490574723,0,True,False,False
-1.277412958051775,-1.4475494086953566,33.39368590747004,-0.21981940410243986,10.440668896487068,0,False,False,True
-1.2264170037515723,-1.3788005053776784,-24.24696319600659,1.8341639396917757,10.487800940034473,0,False,True,False
-1.277412958051775,-1.3788005053776784,-40.92008904184083,-0.10395367701661216,10.519222302399411,0,False,False,True
-1.2264170037515723,-1.241302698742361,-45.59244850397179,-2.2632694999797627,10.566354345946818,0,True,False,False
-1.2264170037515723,-1.31005160206,-8.505949810154515,0.6649734209166066,10.644907751859161,0,False,True,False
-1.1754210494513988,-1.241302698742361,-13.06844346637303,0.3173762396591243,10.6763291142241,0,True,False,False
-1.1754210494513988,-1.241302698742361,-8.41488758414997,1.3707010313484658,10.754882520136443,0,False,True,False
-1.1754210494513988,-1.241302698742361,23.94197442609463,-0.009154445764571625,10.78630388250138,0,False,True,False
-1.1244250951511958,-1.1725537954246823,-1.1010155953951226,0.7703059000855408,10.817725244866319,0,False,True,False
-1.1754210494513988,-1.241302698742361,43.097679592113074,1.4128340230160392,10.849146607231257,0,False,False,True
-1.1754210494513988,-1.241302698742361,13.556991868994904,0.011912050069215451,10.896278650778662,0,True,False,False
-1.1244250951511958,-1.1725537954246823,-26.057016431610958,0.5069747021632055,10.974832056691007,0,False,True,False
-1.1754210494513988,-1.241302698742361,-12.690773432505617,0.41217547091116485,11.006253419055945,0,False,True,False
-1.1754210494513988,-1.241302698742361,20.111190141320602,-1.5154088978803295,11.037674781420883,0,False,False,True
-1.1754210494513988,-1.31005160206,-16.138347986648665,-0.9782132541187655,11.084806824968288,0,False,True,False
-1.1754210494513988,-1.31005160206,-12.55530108417461,-1.14674522078906,11.116228187333226,0,False,True,False
-1.1754210494513988,-1.241302698742361,-8.676876064396467,-2.1790035166446144,11.147649549698164,0,False,True,False
-1.1754210494513988,-1.31005160206,-5.36803029578965,0.9283046188389419,11.179070912063102,0,False,False,True
-1.1754210494513988,-1.31005160206,30.58770635279524,-2.568733689569671,11.226202955610507,0,False,False,True
-1.1244250951511958,-1.1725537954246823,-22.79358267807894,1.0652368417585567,11.273334999157914,0,False,True,False
-1.0734291408510228,-1.1038048921070434,16.420328392702594,-0.5779498332768158,11.304756361522852,0,True,False,False
-1.0224331865508198,-1.0350559887893651,-15.585556139045183,-1.2310112041242074,11.383309767435195,0,False,True,False
-1.0224331865508198,-1.0350559887893651,54.484449241641215,-0.9466135103680854,11.414731129800133,0,False,False,True
-1.0224331865508198,-1.0350559887893651,-25.342495945411578,0.6965731646672874,11.461863173347538,0,False,True,False
-1.0224331865508198,-1.0350559887893651,11.695466296187181,-1.3995431707945025,11.493284535712476,0,False,True,False
-0.9714372322506176,-0.9663070854716869,-0.8642111410367616,0.517507950080099,11.524705898077414,0,False,True,False
-0.9714372322506176,-0.9663070854716869,-1.2917738824871767,1.4655002626005063,11.556127260442352,1,False,True,False
-0.920441277950444,-0.8975581821540476,-17.272857890424127,0.4437752146618455,8.30401625567131,0,False,False,True
-0.9714372322506176,-1.0350559887893651,7.284386374080048,0.6228404292490332,8.351148299218718,0,False,False,True
-0.9714372322506176,-1.1038048921070434,-1.670017814949031,0.4016422229942713,8.398280342766125,0,True,False,False
-1.0224331865508198,-1.1038048921070434,-20.97105842548912,0.6544401729997138,8.476833748678468,0,False,True,False
-1.0224331865508198,-1.1038048921070434,13.387143781810163,-1.8946058228884926,8.508255111043406,0,False,True,False
-1.0224331865508198,-1.1038048921070434,-18.442587975004418,0.2120437604901901,8.539676473408342,0,False,True,False
-0.9714372322506176,-1.0350559887893651,-13.062357436397573,1.5286997501018669,8.57109783577328,0,False,False,True
-0.9714372322506176,-1.0350559887893651,-9.360265276375692,-1.094078981204593,8.618229879320687,0,False,True,False
-0.9714372322506176,-1.0350559887893651,11.000987618786262,-0.9992797499525524,8.649651241685625,0,False,True,False
-1.0224331865508198,-1.0350559887893651,-1.6018983052571965,-0.735948552030217,8.681072604050563,0,False,False,True
-0.9714372322506176,-0.9663070854716869,21.256679575261167,0.6649734209166066,8.728204647597968,0,False,False,True
-0.9714372322506176,-0.8975581821540476,-14.132145796269207,1.6550987251045879,8.775336691145375,0,False,True,False
-0.920441277950444,-0.8288092788363692,-16.799197014178493,-0.5463500895261358,8.806758053510313,0,False,True,False
-0.920441277950444,-0.8288092788363692,34.55975568290725,-1.220477956207314,8.83817941587525,0,True,False,False
-0.920441277950444,-0.8288092788363692,16.492781141364084,-0.4199511145234146,8.916732821787594,0,False,True,False
-0.9714372322506176,-0.8975581821540476,-17.066600501277144,-1.1783449645397401,8.948154184152532,0,False,True,False
-1.0224331865508198,-0.9663070854716869,-0.7278189087000237,1.7920309480242025,8.97957554651747,0,False,True,False
-1.0224331865508198,-0.8975581821540476,-14.413213911240401,0.011912050069215451,9.010996908882406,0,False,True,False
-1.0224331865508198,-0.8975581821540476,-9.508133079128886,1.2548353042626381,9.042418271247344,0,False,False,True
-1.0224331865508198,-0.9663070854716869,-35.25973094655809,-0.7043488082795372,9.089550314794751,0,False,True,False
-1.0224331865508198,-0.8975581821540476,-10.3002947993367,0.9809708584234093,9.120971677159687,0,False,True,False
-1.0224331865508198,-0.9663070854716869,-8.238830182500688,0.2647100000746572,9.152393039524625,0,False,True,False
-0.9714372322506176,-0.8975581821540476,15.66766979301398,0.3173762396591243,9.183814401889563,0,False,False,True
-0.9714372322506176,-0.8975581821540476,0.8116088333759557,1.7709644521904149,9.23094644543697,0,False,False,True
-0.9714372322506176,-0.8288092788363692,-3.755178481383692,0.865105131337582,9.278078488984375,0,False,False,True
-0.9714372322506176,-0.8288092788363692,-3.000045576098908,1.4233672709329328,9.325210532531782,0,False,False,True
-0.9714372322506176,-0.8288092788363692,-2.678295497626173,0.3595092313266978,9.37234257607919,0,False,True,False
-0.9714372322506176,-0.8288092788363692,-7.38594655973265,0.8335053875869014,9.403763938444127,0,False,False,True
-1.0224331865508198,-0.8288092788363692,24.890997903870502,1.4549670146836127,9.450895981991533,0,True,False,False
-0.9714372322506176,-0.76006037551873,-5.703186360280805,-2.5371339458189905,9.529449387903878,0,False,True,False
-0.920441277950444,-0.6913114722010516,-24.00433800190105,0.6123071813321396,9.560870750268815,0,False,False,True
-0.9714372322506176,-0.76006037551873,31.098023926747967,1.4233672709329328,9.60800279381622,0,True,False,False
-0.9714372322506176,-0.76006037551873,-12.684134797524335,1.2337688084288516,9.686556199728566,0,False,False,True
-0.920441277950444,-0.6913114722010516,-13.163258370331974,-1.125678724955273,9.73368824327597,0,False,True,False
-0.9714372322506176,-0.8288092788363692,5.713668474220585,0.19097726465640302,9.765109605640909,0,False,False,True
-1.0224331865508198,-0.8975581821540476,3.6149409641795742,0.2752432479915508,9.812241649188316,0,False,False,True
-1.0224331865508198,-0.8975581821540476,-29.913131039396518,-0.04075418951525156,9.859373692735723,0,True,False,False
-1.0224331865508198,-0.8975581821540476,-21.87410496886555,1.4128340230160392,9.937927098648066,0,False,False,True
-0.920441277950444,-0.6913114722010516,-14.550503533508142,1.7709644521904149,9.985059142195473,0,True,False,False
-0.8184493693500677,-0.5538136655657341,20.926628500025373,-0.4831506020247752,10.063612548107816,0,False,True,False
-0.7674534150498651,-0.5538136655657341,4.422930590065322,-2.0842042853925737,10.095033910472754,0,False,True,False
-0.7674534150498651,-0.4850647622480557,-34.15772060805099,-0.7043488082795372,10.126455272837692,0,False,True,False
-0.7674534150498651,-0.4850647622480557,39.341558111374106,-1.3995431707945025,10.157876635202628,0,False,False,True
-0.8184493693500677,-0.6225625688833734,-43.434266126437265,0.06457828965368245,10.205008678750035,0,False,True,False
-0.8184493693500677,-0.6225625688833734,8.29658130742911,-0.409417866606521,10.236430041114973,0,False,True,False
-0.8184493693500677,-0.5538136655657341,5.374860147140534,0.5491076938307797,10.267851403479911,0,False,False,True
-0.8184493693500677,-0.5538136655657341,-34.19951784016616,0.6755066688335002,10.314983447027316,0,False,False,True
-0.7674534150498651,-0.4850647622480557,-0.5370085273063041,0.011912050069215451,10.362115490574723,0,False,True,False
-0.7674534150498651,-0.4850647622480557,-43.59644589429585,-0.3356851311882676,10.393536852939661,0,False,False,True
-0.7164574607496625,-0.41631585893041656,16.08542900143238,0.865105131337582,10.440668896487068,0,False,True,False
-0.7164574607496625,-0.41631585893041656,11.527534312325557,0.4016422229942713,10.472090258852004,0,False,False,True
-0.7164574607496625,-0.41631585893041656,-16.199010989617054,0.844038635503795,10.519222302399411,0,False,True,False
-0.7164574607496625,-0.4850647622480557,7.935628797655844,-1.3047439395424612,10.55064366476435,0,False,True,False
-0.7164574607496625,-0.41631585893041656,20.767920464353256,1.6234989813539076,10.582065027129287,0,False,True,False
-0.7164574607496625,-0.41631585893041656,21.57553480531856,-0.71488205619643,10.613486389494224,0,False,True,False
-0.7164574607496625,-0.41631585893041656,4.129784838728136,0.7492394042517544,10.644907751859161,0,True,False,False
-0.7164574607496625,-0.41631585893041656,-31.462443471708646,-1.3152771874593547,10.723461157771506,0,False,False,True
-0.6654615064494889,-0.41631585893041656,30.111182309364924,0.8756383792544749,10.770593201318912,0,False,False,True
-0.6654615064494889,-0.3475669556127382,27.891560704514806,0.00137880215232186,10.817725244866319,0,False,True,False
-0.6654615064494889,-0.27881805229505985,7.257371093315596,0.7176396605010736,10.849146607231257,0,False,False,True
-0.6144655521492863,-0.27881805229505985,27.154938422401422,0.2015105125732966,10.896278650778662,0,False,True,False
-0.6144655521492863,-0.27881805229505985,18.32318370603194,-0.8518142791160447,10.9277000131436,0,False,False,True
-0.6144655521492863,-0.27881805229505985,-10.146671507627884,-0.7043488082795372,10.974832056691007,0,False,False,True
-0.6144655521492863,-0.27881805229505985,-3.5723771992330593,-1.6839408645506242,11.021964100238414,0,False,True,False
-0.5634695978491128,-0.27881805229505985,-40.172902481147965,-0.68328231244575,11.053385462603352,0,True,False,False
-0.5634695978491128,-0.27881805229505985,36.15294066675759,0.4016422229942713,11.131938868515695,0,False,False,True
-0.5634695978491128,-0.27881805229505985,-0.25927979681688706,1.1495028250937038,11.179070912063102,0,False,True,False
-0.6144655521492863,-0.27881805229505985,6.798125064218986,1.8341639396917757,11.210492274428038,0,True,False,False
-0.5634695978491128,-0.27881805229505985,17.515221514010545,-0.4936838499416688,11.289045680340383,0,True,False,False
-0.5634695978491128,-0.27881805229505985,4.20481248837761,-0.6622158166119628,11.367599086252726,0,False,True,False
-0.5634695978491128,-0.27881805229505985,9.049437627028377,-0.6095495770274958,11.399020448617664,0,False,True,False
-0.5634695978491128,-0.27881805229505985,-1.282039931403863,0.6333736771659267,11.430441810982602,0,False,False,True
-0.5634695978491128,-0.27881805229505985,-10.61035754824917,-0.01968769368146511,11.477573854530009,0,False,True,False
-0.5634695978491128,-0.27881805229505985,-5.73924515748915,-0.5779498332768158,11.508995216894945,0,False,False,True
-0.5634695978491128,-0.2100691489774206,18.62332085561382,0.2015105125732966,11.556127260442352,0,False,True,False
-0.5124736435489101,-0.2100691489774206,-24.25695129863284,0.49644145424631264,11.58754862280729,0,False,False,True
-0.5124736435489101,-0.2100691489774206,46.143019320886154,0.07511153757057605,11.634680666354697,0,False,False,True
-0.4614776892487076,-0.07257134234210309,24.570222406896534,-0.35675162702205393,11.681812709902102,0,False,True,False
-0.4614776892487076,-0.14132024565974236,-18.889581601227487,1.6234989813539076,11.71323407226704,1,False,True,False
-0.4104817349485339,-0.07257134234210309,6.955739643650464,0.14884427298882952,11.744655434631978,0,False,True,False
-0.3594857806483313,-0.003822439024424742,-21.59837194928637,0.5069747021632055,11.776076796996914,0,True,False,False
-0.4104817349485339,-0.003822439024424742,-2.9377303965759474,1.0968365855092368,11.85463020290926,0,False,False,True
-0.4614776892487076,-0.07257134234210309,9.957730941312743,0.03297854590300179,8.30401625567131,0,True,False,False
-0.4104817349485339,0.0649264642932535,-12.660162415664344,-0.409417866606521,8.382569661583656,0,True,False,False
-0.4104817349485339,0.0649264642932535,32.791014246615724,-0.2408858999362262,8.461123067495999,0,False,True,False
-0.4104817349485339,0.13367536761089277,-13.066177498541327,-0.9887465020356588,8.492544429860937,0,False,True,False
-0.3594857806483313,0.20242427092857102,3.096500693734794,0.7808391480024344,8.523965792225873,0,False,True,False
-0.3594857806483313,0.13367536761089277,40.37924269051447,0.9704376105065162,8.555387154590811,0,False,True,False
-0.4104817349485339,0.20242427092857102,-16.682858507121693,0.5069747021632055,8.586808516955749,0,False,False,True
-0.4104817349485339,0.20242427092857102,5.2638832609139845,0.7387061563348608,8.633940560503156,0,False,True,False
-0.4104817349485339,0.20242427092857102,-0.987256196888777,0.011912050069215451,8.665361922868094,0,False,True,False
-0.3594857806483313,0.2711731742462103,-23.045569427456865,0.1699107688226167,8.696783285233032,0,True,False,False
-0.3594857806483313,0.33992207756388854,-15.55471377108921,-0.12502017285039935,8.775336691145375,0,False,True,False
-0.4104817349485339,0.2711731742462103,28.173775782981025,-0.3778181228558411,8.806758053510313,0,False,True,False
-0.4104817349485339,0.2711731742462103,-32.12298565269898,-0.01968769368146511,8.83817941587525,0,False,False,True
-0.4104817349485339,0.2711731742462103,-42.32813074113785,0.34897598340980424,8.885311459422656,0,False,False,True
-0.4614776892487076,0.20242427092857102,-28.891135606975038,0.07511153757057605,8.932443502970063,0,False,True,False
-0.5124736435489101,0.13367536761089277,-5.703236327100933,-0.23035265201933344,8.963864865335001,0,False,True,False
-0.5124736435489101,0.13367536761089277,-2.239253905300127,-0.6938155603626435,8.995286227699937,0,False,False,True
-0.5124736435489101,0.0649264642932535,31.639716895459834,0.6228404292490332,9.042418271247344,0,False,True,False
-0.5124736435489101,0.13367536761089277,-15.993744136136009,-1.1783449645397401,9.073839633612282,0,False,True,False
-0.5634695978491128,0.0649264642932535,5.588191637349873,1.5286997501018669,9.10526099597722,0,False,True,False
-0.5634695978491128,0.0649264642932535,14.889341235703123,-0.09342042909971857,9.136682358342156,0,False,True,False
-0.5124736435489101,0.0649264642932535,22.79572811722824,0.2015105125732966,9.168103720707094,0,False,True,False
-0.5124736435489101,0.0649264642932535,-5.706826839292117,-0.4199511145234146,9.199525083072032,0,False,True,False
-0.5124736435489101,0.0649264642932535,8.343004805943114,0.9388378667558356,9.23094644543697,0,False,True,False
-0.5634695978491128,0.0649264642932535,30.68524881331146,0.04351179381989538,9.262367807801908,0,False,False,True
-0.5124736435489101,0.13367536761089277,12.743798692952899,-0.8096812874484712,9.309499851349313,0,False,False,True
-0.5124736435489101,0.13367536761089277,-43.67525905407117,0.06457828965368245,9.35663189489672,0,False,True,False
-0.5124736435489101,0.20242427092857102,-17.657414510559803,-1.3047439395424612,9.388053257261658,0,True,False,False
-0.4614776892487076,0.20242427092857102,-25.653971641473728,0.2225770084070837,9.466606663174002,0,False,True,False
-0.4104817349485339,0.2711731742462103,-15.162176020337196,1.6234989813539076,9.49802802553894,0,False,False,True
-0.4614776892487076,0.2711731742462103,-12.600994645840943,0.41217547091116485,9.545160069086347,0,False,True,False
-0.4614776892487076,0.20242427092857102,-33.19377387189127,2.0026959063620704,9.576581431451283,0,False,False,True
-0.4614776892487076,0.20242427092857102,22.091089804826453,0.7071064125841808,9.62371347499869,0,False,True,False
-0.4614776892487076,0.2711731742462103,-17.03023800172883,1.4339005188498262,9.655134837363628,0,True,False,False
-0.4104817349485339,0.33992207756388854,24.118601007314638,0.433241966744952,9.73368824327597,0,False,True,False
-0.4104817349485339,0.33992207756388854,-35.57198353442701,0.9177713709220491,9.765109605640909,0,False,True,False
-0.4104817349485339,0.33992207756388854,-14.808072058333304,-1.1046122291214864,9.796530968005847,0,False,True,False
-0.3594857806483313,0.40867098088156695,-21.02473893713097,0.6017739334152468,9.827952330370785,0,False,True,False
-0.3594857806483313,0.40867098088156695,45.90147658463572,-0.9044805187005117,9.859373692735723,0,False,False,True
-0.3594857806483313,0.33992207756388854,-28.941575703879273,-1.4732759062127558,9.906505736283128,0,False,True,False
-0.3594857806483313,0.40867098088156695,-54.03486022387185,0.2225770084070837,9.937927098648066,0,False,False,True
-0.3594857806483313,0.40867098088156695,28.661544475037054,0.5385744459138861,9.985059142195473,0,False,True,False
-0.30848982634815775,0.5461687875168845,-12.604718973528307,0.812438891753115,10.016480504560409,0,False,True,False
-0.30848982634815775,0.5461687875168845,-12.293554526678667,0.022445297986108937,10.047901866925347,0,False,False,True
-0.2574938720479552,0.5461687875168845,-8.477920407354459,-0.9150137666174049,10.095033910472754,0,False,False,True
-0.20649791774775259,0.6149176908345236,25.5720073771665,-1.2099447082904207,10.142165954020161,0,False,True,False
-0.2574938720479552,0.6149176908345236,-22.473945042997713,0.9177713709220491,10.173587316385097,0,False,False,True
-0.20649791774775259,0.683666594152202,-0.19020330338506597,-0.9466135103680854,10.220719359932504,0,False,True,False
-0.20649791774775259,0.683666594152202,-10.227134890739245,-0.17768641243486635,10.252140722297442,0,False,True,False
-0.15550196344757897,0.8211644007875195,-3.5824179508499125,0.41217547091116485,10.28356208466238,0,False,False,True
-0.20649791774775259,0.7524154974698803,-26.475394321136537,-0.9782132541187655,10.330694128209785,0,False,True,False
-0.20649791774775259,0.7524154974698803,15.547855150756652,-0.2935521395206933,10.362115490574723,0,False,True,False
-0.20649791774775259,0.7524154974698803,-38.776017753948125,-0.6516825686950699,10.393536852939661,0,False,False,True
-0.2574938720479552,0.683666594152202,11.658324954611372,0.34897598340980424,10.440668896487068,0,False,False,True
-0.30848982634815775,0.5461687875168845,23.261085441359505,0.9388378667558356,10.487800940034473,0,False,True,False
-0.3594857806483313,0.5461687875168845,-15.399966985986712,0.09617803340436248,10.519222302399411,0,False,False,True
-0.3594857806483313,0.47741988419920617,31.78889496179681,-0.08288718118282508,10.566354345946818,0,False,True,False
-0.3594857806483313,0.47741988419920617,13.562365923679675,0.5807074375814596,10.597775708311755,0,False,False,True
-0.30848982634815775,0.5461687875168845,15.053225472090915,-0.9044805187005117,10.644907751859161,0,True,False,False
-0.2574938720479552,0.5461687875168845,0.655851852474019,0.8756383792544749,10.723461157771506,0,False,True,False
-0.2574938720479552,0.5461687875168845,5.532398529469135,0.022445297986108937,10.754882520136443,0,False,False,True
-0.2574938720479552,0.6149176908345236,-3.499242588292347,-0.5674165853599222,10.80201456368385,0,False,False,True
-0.2574938720479552,0.6149176908345236,19.71015655130619,-0.15661991660107927,10.849146607231257,0,False,True,False
-0.20649791774775259,0.6149176908345236,24.67861948391857,0.2647100000746572,10.880567969596195,0,False,True,False
-0.20649791774775259,0.6149176908345236,22.350696174640813,-1.4416761624620755,10.91198933196113,0,False,True,False
-0.15550196344757897,0.683666594152202,-12.575917881598714,1.0652368417585567,10.943410694326069,0,False,False,True
-0.10450600914737639,0.7524154974698803,-2.228404908561739,-1.525942145797223,10.990542737873476,0,False,False,True
-0.10450600914737639,0.7524154974698803,13.063837053840176,-1.5891416332985835,11.037674781420883,0,False,True,False
-0.10450600914737639,0.7524154974698803,-13.897088411977501,-0.19875290826865277,11.069096143785819,0,False,False,True
-0.10450600914737639,0.7524154974698803,-42.26314104474335,-0.5147503457754552,11.116228187333226,0,False,True,False
-0.10450600914737639,0.7524154974698803,5.432810271328464,0.2647100000746572,11.147649549698164,0,False,True,False
-0.10450600914737639,0.7524154974698803,9.17759603801995,-0.20928615618554636,11.179070912063102,0,False,True,False
-0.10450600914737639,0.683666594152202,-7.2350303453096805,-2.1052707812263605,11.210492274428038,0,False,False,True
-0.15550196344757897,0.6149176908345236,7.181688590886121,0.865105131337582,11.257624317975445,0,False,True,False
-0.15550196344757897,0.5461687875168845,45.45475150095299,-0.4199511145234146,11.289045680340383,0,False,True,False
-0.15550196344757897,0.5461687875168845,-9.72707124080812,0.8019056438362215,11.320467042705321,0,False,False,True
-0.15550196344757897,0.6149176908345236,-15.435059763618217,0.011912050069215451,11.367599086252726,0,False,True,False
-0.15550196344757897,0.5461687875168845,13.824524574720705,0.6965731646672874,11.399020448617664,0,True,False,False
-0.20649791774775259,0.5461687875168845,-34.44667510240041,-0.4831506020247752,11.477573854530009,0,False,False,True
-0.20649791774775259,0.47741988419920617,7.7178937600085735,-1.7576735999688782,11.524705898077414,1,False,True,False
-0.2574938720479552,0.47741988419920617,-18.735961685442838,1.002037354257196,8.30401625567131,0,False,False,True
-0.30848982634815775,0.47741988419920617,-12.796685851752933,0.12777777715504315,8.351148299218718,0,False,True,False
-0.2574938720479552,0.47741988419920617,-41.34350179509765,-0.68328231244575,8.382569661583656,0,False,True,False
-0.2574938720479552,0.47741988419920617,-12.698039904194346,1.739364708439735,8.413991023948592,0,False,False,True
-0.30848982634815775,0.40867098088156695,23.727505214764044,1.3812342792653591,8.461123067495999,0,False,True,False
-0.3594857806483313,0.33992207756388854,-29.44738185374731,0.7913723959193278,8.492544429860937,0,False,False,True
-0.3594857806483313,0.33992207756388854,-24.12092961828739,2.0869618896972173,8.539676473408342,0,False,True,False
-0.3594857806483313,0.33992207756388854,22.65421112349376,0.1383110250719359,8.57109783577328,0,False,True,False
-0.3594857806483313,0.33992207756388854,-1.983548094552806,0.2225770084070837,8.602519198138218,0,False,False,True
-0.30848982634815775,0.40867098088156695,19.60221145781862,1.5286997501018669,8.649651241685625,0,False,True,False
-0.3594857806483313,0.33992207756388854,-47.762662163987315,0.05404504173678897,8.681072604050563,0,False,False,True
-0.3594857806483313,0.2711731742462103,48.08335104169785,0.5807074375814596,8.728204647597968,0,True,False,False
-0.4104817349485339,0.2711731742462103,17.845596825157482,0.34897598340980424,8.806758053510313,0,False,True,False
-0.4104817349485339,0.2711731742462103,-6.590577290638011,1.2653685521795315,8.83817941587525,0,False,False,True
-0.4104817349485339,0.2711731742462103,-25.252156720528284,-0.2830188916038005,8.885311459422656,0,False,True,False
-0.4104817349485339,0.2711731742462103,-3.781831059421647,0.7176396605010736,8.916732821787594,0,False,True,False
-0.4614776892487076,0.13367536761089277,26.27243785369057,1.3496345355146782,8.948154184152532,0,False,True,False
-0.4614776892487076,0.20242427092857102,-18.64014955250986,-1.188878212456634,8.97957554651747,0,False,True,False
-0.5124736435489101,0.0649264642932535,-0.0158373697910682,1.0547035938416633,9.010996908882406,0,True,False,False
-0.5634695978491128,0.0649264642932535,2.1572625128922374,0.3595092313266978,9.089550314794751,0,False,True,False
-0.5634695978491128,0.0649264642932535,-20.144751021117507,-0.20928615618554636,9.120971677159687,0,False,True,False
-0.5124736435489101,0.13367536761089277,14.023140517837152,0.11724452923814957,9.152393039524625,0,False,True,False
-0.5124736435489101,0.0649264642932535,21.971361978987908,-0.272485643686907,9.183814401889563,0,False,True,False
-0.5634695978491128,-0.003822439024424742,-11.889159145384633,0.5596409417476725,9.215235764254501,0,False,False,True
-0.5634695978491128,0.0649264642932535,1.798209879353258,-2.315935739564229,9.262367807801908,0,False,True,False
-0.5634695978491128,0.13367536761089277,-16.147023375662027,-0.7886147916146842,9.293789170166844,0,False,True,False
-0.5634695978491128,0.0649264642932535,-11.903533806686145,0.022445297986108937,9.325210532531782,0,False,False,True
-0.5124736435489101,0.13367536761089277,-11.684241438455043,-0.20928615618554636,9.37234257607919,0,True,False,False
-0.5634695978491128,0.0649264642932535,11.876282113806827,-0.21981940410243986,9.450895981991533,0,False,False,True
-0.5634695978491128,0.0649264642932535,-16.26437081131651,0.46484171049563194,9.49802802553894,0,False,True,False
-0.5634695978491128,0.0649264642932535,-38.079672982148175,-0.3356851311882676,9.529449387903878,0,False,True,False
-0.5634695978491128,0.0649264642932535,-19.711707337964913,0.1593775209057231,9.560870750268815,0,False,False,True
-0.5124736435489101,0.0649264642932535,-12.16075932150278,0.03297854590300179,9.60800279381622,0,False,True,False
-0.5124736435489101,0.0649264642932535,-21.197919191936798,0.1383110250719359,9.639424156181159,0,False,True,False
-0.5124736435489101,0.13367536761089277,-13.094951504032352,0.2331102563239773,9.670845518546097,0,False,True,False
-0.5124736435489101,0.13367536761089277,-12.816924060307251,-0.8623475270329378,9.702266880911035,0,False,False,True
-0.5124736435489101,0.13367536761089277,0.018312945630108435,2.37135958345334,9.74939892445844,1,False,True,False
-0.4614776892487076,0.20242427092857102,-20.2192263861373,0.41217547091116485,9.780820286823378,0,False,False,True
-0.5124736435489101,0.13367536761089277,-15.02398837598938,-0.009154445764571625,9.827952330370785,0,False,False,True
-0.5634695978491128,0.0649264642932535,-7.687891229652659,-0.2830188916038005,9.87508437391819,0,False,True,False
-0.5124736435489101,0.13367536761089277,27.552812407148814,-0.4936838499416688,9.906505736283128,0,False,True,False
-0.5124736435489101,0.0649264642932535,47.11402812679352,0.29630974382533715,9.937927098648066,0,False,True,False
-0.5634695978491128,-0.003822439024424742,-22.523233639360488,1.3601677834315722,9.969348461013004,0,False,False,True
-0.5634695978491128,-0.003822439024424742,-9.813076047610723,0.6228404292490332,10.016480504560409,0,False,True,False
-0.5124736435489101,-0.003822439024424742,14.704733201968459,-2.1579370208108286,10.047901866925347,0,False,False,True
-0.5634695978491128,-0.003822439024424742,11.810533996799023,-1.346876931210035,10.095033910472754,0,False,True,False
-0.5634695978491128,0.0649264642932535,-23.83635389438957,0.8229721396700078,10.126455272837692,0,False,True,False
-0.5124736435489101,0.0649264642932535,2.72935331486414,-0.14608666868418568,10.157876635202628,0,True,False,False
-0.5124736435489101,0.0649264642932535,-18.687066282559737,0.7913723959193278,10.236430041114973,0,False,False,True
-0.5124736435489101,-0.003822439024424742,-28.124393187261266,1.992162658445177,10.28356208466238,0,False,False,True
-0.5634695978491128,-0.003822439024424742,20.984476394826597,-0.35675162702205393,10.330694128209785,0,False,False,True
-0.5124736435489101,-0.003822439024424742,3.501774566230398,-0.5990163291106029,10.377826171757192,0,True,False,False
-0.5124736435489101,0.0649264642932535,26.21944549238266,-2.136870524977041,10.456379577669535,0,True,False,False
-0.5124736435489101,0.0649264642932535,2.5741080578977065,-0.4410176103572017,10.53493298358188,0,False,True,False
-0.5124736435489101,-0.003822439024424742,-10.572283528003764,-0.71488205619643,10.566354345946818,0,False,True,False
-0.5124736435489101,-0.003822439024424742,-32.2125773800639,1.8341639396917757,10.597775708311755,0,False,False,True
-0.4614776892487076,0.0649264642932535,-31.038207543487,0.12777777715504315,10.644907751859161,0,True,False,False
-0.4614776892487076,0.13367536761089277,35.416617015882025,1.3391012875977857,10.723461157771506,0,False,True,False
-0.4104817349485339,0.13367536761089277,26.612670405498836,-0.71488205619643,10.754882520136443,0,False,True,False
-0.4104817349485339,0.20242427092857102,-31.589800302562402,0.1383110250719359,10.78630388250138,0,False,True,False
-0.4104817349485339,0.20242427092857102,-7.413385689012446,-0.11448692493350575,10.817725244866319,0,False,True,False
-0.3594857806483313,0.2711731742462103,-15.278159803680667,0.517507950080099,10.849146607231257,0,True,False,False
-0.3594857806483313,0.2711731742462103,15.036918759097412,-1.3890099228776085,10.9277000131436,0,False,True,False
-0.30848982634815775,0.33992207756388854,27.501692666769888,-0.409417866606521,10.959121375508538,0,False,True,False
-0.3594857806483313,0.2711731742462103,26.36102245500414,1.4655002626005063,10.990542737873476,0,False,True,False
-0.30848982634815775,0.33992207756388854,-19.028677035164105,0.6649734209166066,11.021964100238414,0,False,True,False
-0.30848982634815775,0.2711731742462103,8.506879266062725,0.06457828965368245,11.053385462603352,0,False,True,False
-0.3594857806483313,0.2711731742462103,8.771432740135744,-0.7780815436977905,11.084806824968288,0,False,True,False
-0.30848982634815775,0.33992207756388854,2.1977450208392297,-1.2520776999579943,11.116228187333226,0,False,True,False
-0.30848982634815775,0.2711731742462103,-29.77939899448118,-0.8728807749498315,11.147649549698164,0,False,True,False
-0.4104817349485339,0.13367536761089277,-9.284296526796807,0.7387061563348608,11.179070912063102,0,False,True,False
-0.4614776892487076,0.0649264642932535,-5.305273460998033,0.12777777715504315,11.210492274428038,0,False,True,False
-0.4614776892487076,-0.003822439024424742,14.27963231832503,-0.7254153041133234,11.241913636792976,0,True,False,False
-0.4614776892487076,-0.003822439024424742,12.509073391796662,0.11724452923814957,11.320467042705321,0,False,False,True
-0.4614776892487076,-0.003822439024424742,-15.065161643259852,-0.4199511145234146,11.367599086252726,0,False,False,True
-0.5124736435489101,-0.003822439024424742,-3.9518984314832135,0.6649734209166066,11.414731129800133,0,False,False,True
-0.5124736435489101,-0.07257134234210309,-4.474600454925905,1.6550987251045879,11.461863173347538,1,False,True,False
-0.4614776892487076,-0.003822439024424742,-26.14203242742656,1.7182982126059478,11.493284535712476,1,False,True,False
-0.4614776892487076,-0.003822439024424742,-23.02918679098,1.002037354257196,11.524705898077414,0,True,False,False
-0.5124736435489101,0.0649264642932535,-21.776123886236384,-0.735948552030217,11.60325930398976,0,False,True,False
-0.5124736435489101,-0.003822439024424742,-10.464126833090393,-0.04075418951525156,11.634680666354697,0,False,True,False
-0.5124736435489101,-0.07257134234210309,4.6574009600847415,-0.5779498332768158,11.666102028719633,0,False,True,False
-0.5634695978491128,-0.14132024565974236,0.9315519153159599,2.3081600959519792,11.697523391084571,1,False,True,False
-0.5634695978491128,-0.14132024565974236,20.58301486049965,0.3279094875760179,11.72894475344951,0,False,False,True
-0.5124736435489101,-0.003822439024424742,-25.402019018394338,0.517507950080099,11.776076796996914,0,True,False,False
-0.4614776892487076,0.0649264642932535,13.098153203068215,-0.9571467582849789,11.85463020290926,0,False,False,True
-0.4614776892487076,0.0649264642932535,8.010788364932301,0.9283046188389419,11.901762246456666,1,False,True,False
-0.4614776892487076,0.13367536761089277,36.71843187051011,1.5602994938525467,11.933183608821604,1,False,True,False
-0.4104817349485339,0.20242427092857102,2.0627402308291347,-0.7043488082795372,11.96460497118654,0,False,True,False
-0.4614776892487076,0.20242427092857102,13.307314188043371,-1.6839408645506242,11.996026333551479,0,False,False,True
-0.4104817349485339,0.20242427092857102,-12.108092201946379,0.9388378667558356,12.043158377098885,1,False,True,False
-0.4614776892487076,0.20242427092857102,13.715456895590759,-0.5042170978585616,12.074579739463822,0,False,True,False
-0.4614776892487076,0.20242427092857102,9.095795345575691,-0.9360802624511917,12.10600110182876,0,False,True,False
-0.5124736435489101,0.13367536761089277,3.4335479693400988,-0.9782132541187655,12.137422464193698,0,False,True,False
-0.5124736435489101,0.13367536761089277,-18.86120278872644,0.433241966744952,12.168843826558636,0,False,True,False
-0.5124736435489101,0.13367536761089277,5.381617715804378,-0.8939472707836182,8.30401625567131,0,True,False,False
-0.5124736435489101,0.0649264642932535,31.06285424158657,-0.4831506020247752,8.382569661583656,0,False,False,True
-0.4614776892487076,0.13367536761089277,34.5586221319478,-1.094078981204593,8.42970170513106,0,False,True,False
-0.5124736435489101,0.13367536761089277,-11.77650349521981,1.813097443857989,8.461123067495999,0,False,False,True
-0.5124736435489101,0.0649264642932535,2.3881680794871647,-1.9788718062236397,8.508255111043406,0,False,True,False
-0.5124736435489101,0.0649264642932535,25.022718432366304,-2.1790035166446144,8.539676473408342,0,False,True,False
-0.4614776892487076,0.13367536761089277,13.057472738502762,-1.2520776999579943,8.57109783577328,0,False,False,True
-0.4614776892487076,0.13367536761089277,-6.664705470530414,-0.6938155603626435,8.618229879320687,0,False,True,False
-0.4614776892487076,0.0649264642932535,-14.791713639074835,-1.6628743687168372,8.649651241685625,0,False,True,False
-0.4614776892487076,0.0649264642932535,9.526905269421919,0.46484171049563194,8.681072604050563,0,False,False,True
-0.4614776892487076,-0.003822439024424742,-10.93595822572659,0.6965731646672874,8.728204647597968,0,False,True,False
-0.5124736435489101,-0.003822439024424742,-10.415814529418613,1.7288314605228419,8.759626009962906,0,False,False,True
-0.5634695978491128,-0.07257134234210309,10.673141224255698,1.1600360730105976,8.806758053510313,0,True,False,False
-0.5124736435489101,-0.003822439024424742,-23.61615926109053,0.8545718834206886,8.885311459422656,0,False,True,False
-0.4614776892487076,0.0649264642932535,-1.9008650542876695,0.07511153757057605,8.916732821787594,0,False,True,False
-0.4614776892487076,0.0649264642932535,-15.33576643567911,-0.8834140228667247,8.948154184152532,0,False,False,True
-0.4614776892487076,0.0649264642932535,24.628521981261443,0.5912406854983533,8.995286227699937,0,False,True,False
-0.5124736435489101,0.0649264642932535,-9.585231054594113,2.0553621459465377,9.026707590064875,0,False,True,False
-0.5634695978491128,-0.003822439024424742,0.3157213477384751,-0.46208410619098805,9.058128952429813,0,False,False,True
-0.5124736435489101,-0.003822439024424742,-3.8055864739782947,-0.8518142791160447,9.10526099597722,0,False,True,False
-0.5124736435489101,-0.003822439024424742,1.1128089351753259,-1.0519459895370193,9.136682358342156,0,False,False,True
-0.5634695978491128,-0.003822439024424742,4.919792590193881,-1.1783449645397401,9.183814401889563,0,False,True,False
-0.5634695978491128,-0.003822439024424742,59.213756943709015,-0.6938155603626435,9.215235764254501,0,False,True,False
-0.5634695978491128,-0.07257134234210309,26.023507326758324,-0.8412810311991512,9.24665712661944,0,False,True,False
-0.5634695978491128,-0.07257134234210309,-18.77464089506326,-0.01968769368146511,9.278078488984375,0,False,True,False
-0.6144655521492863,-0.14132024565974236,27.384446289276248,0.5807074375814596,9.309499851349313,0,False,False,True
-0.6144655521492863,-0.14132024565974236,9.86920900925052,-1.241544452041101,9.35663189489672,0,False,True,False
-0.6144655521492863,-0.14132024565974236,-35.88986449674768,-0.3883513707727347,9.388053257261658,0,False,True,False
-0.5634695978491128,-0.14132024565974236,9.796567147792441,1.4444337667667198,9.419474619626595,0,False,False,True
-0.6144655521492863,-0.14132024565974236,-15.39957422040107,0.2541767521577636,9.466606663174002,0,False,True,False
-0.5634695978491128,-0.003822439024424742,-7.450194086795592,-0.9255470145342986,9.49802802553894,0,False,True,False
-0.5634695978491128,-0.003822439024424742,7.207981817686239,0.38057572716048493,9.529449387903878,0,False,True,False
-0.5634695978491128,0.0649264642932535,-7.73479644453342,0.14884427298882952,9.560870750268815,0,False,True,False
-0.5634695978491128,-0.003822439024424742,-14.705558830861733,0.11724452923814957,9.592292112633752,0,False,True,False
-0.5124736435489101,0.0649264642932535,20.30687242108748,-1.0414127416201258,9.62371347499869,0,False,False,True
-0.5124736435489101,0.0649264642932535,0.289371215139282,-0.7464817999471106,9.670845518546097,0,False,True,False
-0.5124736435489101,0.0649264642932535,11.486644927792302,-1.0835457332876999,9.702266880911035,0,False,True,False
-0.5124736435489101,-0.003822439024424742,-4.005187788335418,-0.5674165853599222,9.73368824327597,0,False,False,True
-0.4614776892487076,0.0649264642932535,23.765690637713135,2.2449606084506186,9.780820286823378,0,False,True,False
-0.4614776892487076,0.0649264642932535,-18.173707136994665,0.30684299174223073,9.812241649188316,0,True,False,False
-0.4614776892487076,0.13367536761089277,-26.155304215389297,0.8861716271713684,9.890795055100659,0,False,False,True
-0.4614776892487076,0.13367536761089277,-27.605798105456604,0.5280411979969926,9.937927098648066,0,False,True,False
-0.4614776892487076,0.0649264642932535,-13.75577446683572,-2.0947375333094667,9.969348461013004,0,False,True,False
-0.4614776892487076,0.0649264642932535,-14.691555960173552,1.6445654771876945,10.000769823377942,0,False,True,False
-0.5124736435489101,-0.003822439024424742,3.2711615357633863,0.5491076938307797,10.032191185742878,0,True,False,False
-0.5634695978491128,-0.07257134234210309,5.301427380241767,0.4437752146618455,10.110744591655223,0,False,True,False
-0.5634695978491128,-0.07257134234210309,-17.571013362282702,-0.35675162702205393,10.142165954020161,0,False,True,False
-0.5634695978491128,-0.07257134234210309,54.671619378425916,1.7077649646890554,10.173587316385097,0,False,True,False
-0.5634695978491128,-0.07257134234210309,3.4392407958298366,1.5286997501018669,10.205008678750035,0,False,False,True
-0.6144655521492863,-0.14132024565974236,-26.75641734549322,0.06457828965368245,10.252140722297442,0,False,True,False
-0.6144655521492863,-0.14132024565974236,-13.449857905607438,-1.936738814556066,10.28356208466238,0,True,False,False
-0.6144655521492863,-0.14132024565974236,-32.55132024260083,-0.6727490645288564,10.362115490574723,0,False,True,False
-0.6144655521492863,-0.2100691489774206,-18.705395664555418,-2.2106032603952945,10.393536852939661,0,False,False,True
-0.6654615064494889,-0.2100691489774206,4.279884065256942,-1.2731441957917813,10.440668896487068,0,False,False,True
-0.6144655521492863,-0.14132024565974236,13.111819877042954,-0.2935521395206933,10.487800940034473,0,False,True,False
-0.6144655521492863,-0.14132024565974236,-0.9846614015673916,-0.06182068534903863,10.519222302399411,0,False,True,False
-0.6144655521492863,-0.14132024565974236,-10.169081471284402,-0.6622158166119628,10.55064366476435,0,False,True,False
-0.6654615064494889,-0.14132024565974236,-34.38667188816952,-1.1572784687059539,10.582065027129287,0,False,True,False
-0.6144655521492863,-0.003822439024424742,12.857922924243015,-0.34621837910516035,10.613486389494224,0,False,True,False
-0.6144655521492863,-0.003822439024424742,-7.132737985271968,1.0125706021740897,10.644907751859161,0,False,True,False
-0.5634695978491128,-0.003822439024424742,-7.7102086383659,-2.3791352270655897,10.6763291142241,0,False,True,False
-0.5634695978491128,0.0649264642932535,-10.366221792770583,0.30684299174223073,10.707750476589037,0,False,False,True
-0.5634695978491128,0.0649264642932535,-7.222073689309869,0.45430846257873836,10.754882520136443,0,True,False,False
-0.5124736435489101,0.0649264642932535,17.835545722551206,0.812438891753115,10.833435926048788,0,False,True,False
-0.5634695978491128,-0.003822439024424742,27.97913335970556,1.9184299230269233,10.864857288413726,0,False,False,True
-0.5634695978491128,-0.003822439024424742,-46.63315716791508,-1.3047439395424612,10.91198933196113,0,False,True,False
-0.5124736435489101,-0.003822439024424742,-20.170494581187146,-0.20928615618554636,10.943410694326069,0,False,True,False
-0.5634695978491128,-0.003822439024424742,-14.274904594191783,0.30684299174223073,10.974832056691007,0,False,True,False
-0.5634695978491128,0.0649264642932535,-0.7829599988301851,-0.8939472707836182,11.006253419055945,0,False,False,True
-0.5634695978491128,0.0649264642932535,22.101164026858044,0.30684299174223073,11.053385462603352,0,False,True,False
-0.5634695978491128,0.13367536761089277,-19.666746933663156,-0.2935521395206933,11.084806824968288,0,False,True,False
-0.5634695978491128,0.13367536761089277,-9.679751012837512,0.2647100000746572,11.116228187333226,0,False,True,False
-0.6144655521492863,0.0649264642932535,3.7780002630657177,-0.39888461868962743,11.147649549698164,0,False,True,False
-0.6144655521492863,-0.003822439024424742,1.749190393101808,-0.7991480395315776,11.179070912063102,0,False,True,False
-0.6144655521492863,-0.003822439024424742,10.576938558728658,0.5912406854983533,11.210492274428038,0,False,True,False
-0.6144655521492863,0.0649264642932535,-13.21924195676224,0.7808391480024344,11.241913636792976,0,False,True,False
-0.5634695978491128,0.0649264642932535,15.638548574043039,0.12777777715504315,11.273334999157914,0,False,False,True
-0.6144655521492863,0.0649264642932535,-23.749954462330592,0.5701741896645661,11.320467042705321,0,True,False,False
-0.6654615064494889,-0.003822439024424742,-5.417582484731725,-0.7780815436977905,11.399020448617664,0,False,True,False
-0.7164574607496625,-0.07257134234210309,-22.091684878645392,-1.1783449645397401,11.430441810982602,0,False,True,False
-0.7164574607496625,-0.14132024565974236,4.837398447449599,-0.7780815436977905,11.461863173347538,0,False,True,False
-0.7674534150498651,-0.14132024565974236,37.0953350472154,-0.5147503457754552,11.493284535712476,0,False,True,False
-0.7674534150498651,-0.2100691489774206,-2.097931102150713,-0.630616072861283,11.524705898077414,0,False,False,True
-0.7674534150498651,-0.2100691489774206,-2.9113265120614122,-0.4936838499416688,11.571837941624821,0,True,False,False
-0.7164574607496625,-0.14132024565974236,33.92534195199167,-0.43048436244030813,11.650391347537164,0,False,True,False
-0.7164574607496625,-0.07257134234210309,-16.043429698187488,-0.630616072861283,11.681812709902102,0,False,False,True
-0.7164574607496625,-0.14132024565974236,19.54659999719435,-2.5055342020683105,11.72894475344951,1,False,True,False
-0.7674534150498651,-0.2100691489774206,-51.665424426207835,-0.34621837910516035,8.30401625567131,0,False,True,False
-0.7674534150498651,-0.27881805229505985,-10.356613816230576,0.7703059000855408,8.335437618036249,0,False,False,True
-0.7164574607496625,-0.2100691489774206,-15.530993466779746,-1.4627426582958625,8.382569661583656,0,False,True,False
-0.7164574607496625,-0.2100691489774206,5.838561511763341,-1.884072574971599,8.413991023948592,0,False,True,False
-0.7164574607496625,-0.27881805229505985,38.073785422405,-1.0835457332876999,8.44541238631353,0,False,False,True
-0.7674534150498651,-0.3475669556127382,5.098678523581427,2.8137559959628633,8.492544429860937,1,False,True,False
-0.7164574607496625,-0.27881805229505985,-14.123665715224082,-0.09342042909971857,8.523965792225873,0,False,True,False
-0.7164574607496625,-0.27881805229505985,-1.9158449938718856,0.2647100000746572,8.555387154590811,0,True,False,False
-0.7164574607496625,-0.27881805229505985,8.616485547450242,-0.5252835936923488,8.633940560503156,0,False,True,False
-0.7164574607496625,-0.27881805229505985,-9.227196737019323,-0.4515508582740945,8.665361922868094,0,False,True,False
-0.7164574607496625,-0.27881805229505985,-7.18711853363957,0.9072381230051556,8.696783285233032,0,False,True,False
-0.7164574607496625,-0.3475669556127382,-17.9468020999137,-0.8623475270329378,8.728204647597968,0,True,False,False
-0.6654615064494889,-0.27881805229505985,8.764459237826408,1.0968365855092368,8.806758053510313,0,False,False,True
-0.7674534150498651,-0.3475669556127382,13.65900769613167,-0.5463500895261358,8.853890097057718,0,False,True,False
-0.7674534150498651,-0.41631585893041656,23.15470461796901,-0.21981940410243986,8.885311459422656,0,False,True,False
-0.7164574607496625,-0.3475669556127382,5.28960911292465,0.10671128132125599,8.916732821787594,0,True,False,False
-0.7164574607496625,-0.3475669556127382,-10.202621276820661,-1.2836774437086744,8.995286227699937,0,False,False,True
-0.7164574607496625,-0.27881805229505985,22.71705168528725,1.4865667584342934,9.042418271247344,0,False,False,True
-0.7164574607496625,-0.27881805229505985,-0.5777594015105838,1.8552304355255627,9.089550314794751,0,False,True,False
-0.6654615064494889,-0.2100691489774206,-23.776094967433504,1.5286997501018669,9.120971677159687,0,True,False,False
-0.6144655521492863,-0.14132024565974236,1.059280823017581,-0.39888461868962743,9.199525083072032,0,False,True,False
-0.6144655521492863,-0.14132024565974236,-18.96568814070903,0.7071064125841808,9.23094644543697,0,False,False,True
-0.6144655521492863,-0.07257134234210309,-18.21178602727671,0.1699107688226167,9.278078488984375,0,False,True,False
-0.6654615064494889,-0.07257134234210309,-28.068854736429756,0.7492394042517544,9.309499851349313,0,False,True,False
-0.6144655521492863,-0.07257134234210309,-14.41192717009981,0.48590820632941906,9.340921213714251,0,True,False,False
-0.6654615064494889,-0.14132024565974236,-16.854627075208843,0.9283046188389419,9.419474619626595,0,False,False,True
-0.6654615064494889,-0.2100691489774206,-3.892018733607028,-1.073012485370806,9.466606663174002,0,True,False,False
-0.6654615064494889,-0.27881805229505985,-5.56842502421461,-1.3363436832931415,9.545160069086347,0,False,False,True
-0.7164574607496625,-0.3475669556127382,-14.900243727832958,1.0968365855092368,9.592292112633752,0,True,False,False
-0.7674534150498651,-0.3475669556127382,7.306869551738716,-0.01968769368146511,9.670845518546097,0,False,False,True
-0.7164574607496625,-0.27881805229505985,-29.076808835629098,-1.220477956207314,9.717977562093502,0,False,True,False
-0.7164574607496625,-0.3475669556127382,34.62178625311786,0.33844273549291143,9.74939892445844,0,False,True,False
-0.7674534150498651,-0.41631585893041656,-0.653568457594678,-0.2619523957700134,9.780820286823378,0,False,False,True
-0.7674534150498651,-0.41631585893041656,-4.594782837154578,-0.4199511145234146,9.827952330370785,0,True,False,False
-0.7674534150498651,-0.41631585893041656,9.588636606513779,0.7071064125841808,9.906505736283128,0,True,False,False
-0.7674534150498651,-0.4850647622480557,20.524389718709948,-0.6411493207781764,9.985059142195473,0,False,True,False
-0.7674534150498651,-0.4850647622480557,-19.2633000556298,-0.7254153041133234,10.016480504560409,0,False,True,False
-0.8184493693500677,-0.4850647622480557,-13.83739077422112,-0.9571467582849789,10.047901866925347,0,True,False,False
-0.8184493693500677,-0.5538136655657341,6.06208163826623,-0.68328231244575,10.126455272837692,0,False,False,True
-0.7674534150498651,-0.4850647622480557,-31.226469096952524,0.49644145424631264,10.173587316385097,0,False,True,False
-0.7674534150498651,-0.4850647622480557,25.736321684322235,-0.5568833374430288,10.205008678750035,0,False,False,True
-0.7674534150498651,-0.4850647622480557,-9.358877773502996,1.0863033375923432,10.252140722297442,0,True,False,False
-0.8184493693500677,-0.4850647622480557,8.03450210110135,0.5912406854983533,10.330694128209785,0,False,False,True
-0.8184493693500677,-0.4850647622480557,-2.5378186899795914,-2.1895367645615083,10.377826171757192,0,True,False,False
-0.8184493693500677,-0.5538136655657341,26.283616335272818,-1.073012485370806,10.456379577669535,0,False,True,False
-0.8184493693500677,-0.6225625688833734,-7.575356750391966,0.2647100000746572,10.487800940034473,0,False,True,False
-0.8184493693500677,-0.5538136655657341,-33.904473284957795,-1.2099447082904207,10.519222302399411,0,False,True,False
-0.8694453236502413,-0.6225625688833734,-22.428976965656364,2.1606946251154717,10.55064366476435,0,False,True,False
-0.920441277950444,-0.6913114722010516,13.12155937754985,1.581365989686334,10.582065027129287,0,False,True,False
-0.920441277950444,-0.6913114722010516,5.682509332987534,0.4437752146618455,10.613486389494224,0,False,False,True
-0.920441277950444,-0.6913114722010516,-7.097099806948091,1.0863033375923432,10.66061843304163,0,False,False,True
-0.9714372322506176,-0.6913114722010516,-9.530270876043774,0.09617803340436248,10.707750476589037,0,False,True,False
-0.920441277950444,-0.6913114722010516,8.733562938948667,-0.8728807749498315,10.739171838953975,0,False,True,False
-0.920441277950444,-0.6225625688833734,-9.111551301816089,0.6123071813321396,10.770593201318912,0,False,False,True
-0.8694453236502413,-0.6225625688833734,5.7107866574021,1.2969682959302113,10.817725244866319,0,False,True,False
-0.8694453236502413,-0.6225625688833734,4.301507714693614,0.09617803340436248,10.849146607231257,0,True,False,False
-0.8184493693500677,-0.6225625688833734,-0.9193352428712193,-0.12502017285039935,10.9277000131436,0,False,False,True
-0.7674534150498651,-0.5538136655657341,23.90637028178632,-1.11514547703838,10.974832056691007,0,False,False,True
-0.7674534150498651,-0.4850647622480557,-14.469869703687232,0.2541767521577636,11.021964100238414,0,False,False,True
-0.7164574607496625,-0.41631585893041656,-29.85136915808552,0.5385744459138861,11.069096143785819,0,False,False,True
-0.7164574607496625,-0.41631585893041656,7.42579045636825,-0.325151883271374,11.116228187333226,0,False,False,True
-0.7164574607496625,-0.3475669556127382,5.496380798080596,-0.34621837910516035,11.163360230880633,0,False,False,True
-0.7164574607496625,-0.41631585893041656,4.900131669247811,-0.46208410619098805,11.210492274428038,0,False,True,False
-0.7674534150498651,-0.41631585893041656,1.4174813832577493,2.2028276167830447,11.241913636792976,1,False,True,False
-0.7674534150498651,-0.4850647622480557,12.459237287006056,0.3911089750773785,11.273334999157914,0,False,False,True
-0.8184493693500677,-0.4850647622480557,-13.413946837113949,-0.07235393326593222,11.320467042705321,0,False,True,False
-0.8184493693500677,-0.5538136655657341,3.684564383880515,-0.7991480395315776,11.351888405070257,0,False,True,False
-0.8184493693500677,-0.5538136655657341,2.3777056814696325,1.3391012875977857,11.383309767435195,0,False,True,False
-0.8694453236502413,-0.4850647622480557,14.208698754064377,1.7920309480242025,11.414731129800133,0,False,False,True
-0.8184493693500677,-0.41631585893041656,-6.132315147166095,1.0547035938416633,11.461863173347538,0,False,True,False
-0.8184493693500677,-0.41631585893041656,-35.041360366223294,0.19097726465640302,11.493284535712476,0,False,False,True
-0.8694453236502413,-0.4850647622480557,-1.5856291973049794,1.6972317167721616,11.540416579259883,1,False,True,False
-0.8184493693500677,-0.4850647622480557,12.790132192674434,-0.4831506020247752,11.571837941624821,0,False,True,False
-0.8184493693500677,-0.5538136655657341,-7.749592365027,-2.347535483314909,11.60325930398976,0,False,True,False
-0.8694453236502413,-0.6225625688833734,17.652335873882002,0.5596409417476725,11.634680666354697,0,False,True,False
-0.8694453236502413,-0.6225625688833734,0.6513883351238324,-0.767548295780897,8.30401625567131,0,False,False,True
-0.8184493693500677,-0.4850647622480557,21.357381830114075,-0.325151883271374,8.351148299218718,0,False,True,False
-0.8184493693500677,-0.4850647622480557,8.825602297329628,1.4339005188498262,8.382569661583656,0,False,False,True
-0.8184493693500677,-0.4850647622480557,25.585032797940556,1.117903081343024,8.42970170513106,0,False,False,True
-0.8184493693500677,-0.5538136655657341,24.46367700795865,0.5807074375814596,8.476833748678468,0,False,True,False
-0.8184493693500677,-0.5538136655657341,8.340612010829828,1.1811025688443844,8.508255111043406,0,False,False,True
-0.8694453236502413,-0.5538136655657341,14.939087673934399,0.2541767521577636,8.555387154590811,0,True,False,False
-0.8694453236502413,-0.5538136655657341,26.297512166285102,1.202169064678171,8.633940560503156,0,False,False,True
-0.8184493693500677,-0.4850647622480557,-1.6229966615709839,0.8019056438362215,8.681072604050563,0,False,True,False
-0.8694453236502413,-0.5538136655657341,3.318809342925509,1.275901800096425,8.712493966415499,0,False,True,False
-0.8694453236502413,-0.6225625688833734,16.621376433486258,-0.3146186353544804,8.743915328780437,0,True,False,False
-0.8694453236502413,-0.6225625688833734,52.606325300988274,0.7808391480024344,8.82246873469278,0,False,True,False
-0.8694453236502413,-0.6913114722010516,-5.309446587348088,1.9816294105282837,8.853890097057718,0,False,True,False
-0.8184493693500677,-0.6225625688833734,-15.467729950288048,0.6439069250828203,8.885311459422656,0,False,True,False
-0.7674534150498651,-0.5538136655657341,19.719361376721114,0.06457828965368245,8.916732821787594,0,True,False,False
-0.7164574607496625,-0.41631585893041656,-4.014414547866236,-2.5792669374865644,8.995286227699937,0,False,True,False
-0.7674534150498651,-0.4850647622480557,-5.492047291729313,-0.5674165853599222,9.026707590064875,0,False,False,True
-0.7674534150498651,-0.4850647622480557,-4.625605126999367,-1.346876931210035,9.073839633612282,0,False,False,True
-0.7164574607496625,-0.41631585893041656,-25.340737429240377,1.202169064678171,9.120971677159687,0,False,True,False
-0.7164574607496625,-0.41631585893041656,-41.72120571406325,-0.23035265201933344,9.152393039524625,0,False,True,False
-0.7164574607496625,-0.41631585893041656,23.75407305003806,0.5596409417476725,9.183814401889563,0,True,False,False
-0.6654615064494889,-0.27881805229505985,-3.667468701402561,-0.15661991660107927,9.262367807801908,0,False,True,False
-0.7164574607496625,-0.3475669556127382,-8.325620372215635,0.4437752146618455,9.293789170166844,0,False,True,False
-0.7164574607496625,-0.3475669556127382,-2.167505803815148,1.581365989686334,9.325210532531782,0,False,False,True
-0.7674534150498651,-0.3475669556127382,1.9381149568748686,-0.7254153041133234,9.37234257607919,0,False,True,False
-0.7164574607496625,-0.3475669556127382,-19.247692457522735,-0.6411493207781764,9.403763938444127,0,False,False,True
-0.6654615064494889,-0.27881805229505985,-20.283579558419362,-1.3784766749607154,9.450895981991533,0,True,False,False
-0.6654615064494889,-0.27881805229505985,0.345411493295233,-1.5996748812154764,9.529449387903878,0,False,False,True
-0.6144655521492863,-0.2100691489774206,7.636877173109133,0.6123071813321396,9.576581431451283,0,False,False,True
-0.5634695978491128,-0.14132024565974236,3.607744075156175,1.7182982126059478,9.62371347499869,0,False,True,False
-0.5634695978491128,-0.07257134234210309,4.090029900063826,-0.9044805187005117,9.655134837363628,0,False,False,True
-0.5634695978491128,-0.14132024565974236,-19.002325660726413,-2.747798904156859,9.702266880911035,0,False,False,True
-0.5124736435489101,-0.07257134234210309,-22.32973466413968,-0.630616072861283,9.74939892445844,0,False,True,False
-0.5124736435489101,-0.07257134234210309,12.596277260267495,0.49644145424631264,9.780820286823378,0,False,True,False
-0.5634695978491128,-0.07257134234210309,1.5278696366566902,-0.4831506020247752,9.812241649188316,0,False,True,False
-0.5634695978491128,-0.07257134234210309,-10.33368867312031,-0.9150137666174049,9.843663011553254,0,False,True,False
-0.5124736435489101,-0.07257134234210309,1.1459662438723819,-1.5154088978803295,9.87508437391819,0,True,False,False
-0.5634695978491128,-0.14132024565974236,33.62332496519535,-1.926205566639173,9.953637779830535,0,False,False,True
-0.5634695978491128,-0.07257134234210309,-2.985061434805609,1.275901800096425,10.000769823377942,0,False,True,False
-0.5634695978491128,-0.14132024565974236,-21.271394590064407,-0.3672848749389475,10.032191185742878,0,False,True,False
-0.5634695978491128,-0.07257134234210309,-1.1813001119149784,0.433241966744952,10.063612548107816,0,False,False,True
-0.5634695978491128,-0.14132024565974236,-6.259382723242746,1.117903081343024,10.110744591655223,0,False,False,True
-0.6144655521492863,-0.2100691489774206,18.543660361938983,1.5918992376032275,10.157876635202628,0,True,False,False
-0.6144655521492863,-0.2100691489774206,-10.68022787180909,1.960562914694497,10.236430041114973,0,False,True,False
-0.6654615064494889,-0.2100691489774206,25.108634546531633,2.013229154278964,10.267851403479911,0,False,True,False
-0.6144655521492863,-0.14132024565974236,22.443951366185374,-0.14608666868418568,10.299272765844847,0,False,False,True
-0.6144655521492863,-0.14132024565974236,-11.655737471661181,-1.3152771874593547,10.346404809392254,0,False,True,False
-0.6144655521492863,-0.14132024565974236,0.3851828629404723,-0.15661991660107927,10.377826171757192,0,False,True,False
-0.6144655521492863,-0.14132024565974236,-7.237827284032767,-1.8946058228884926,10.40924753412213,0,False,True,False
-0.6654615064494889,-0.27881805229505985,10.640100689048335,-0.5990163291106029,10.440668896487068,0,True,False,False
-0.6654615064494889,-0.3475669556127382,7.229015922294551,-0.9676800062018721,10.519222302399411,0,False,True,False
-0.6144655521492863,-0.27881805229505985,-44.036880142037816,-1.294210691625568,10.55064366476435,0,False,True,False
-0.6144655521492863,-0.27881805229505985,23.70320435195608,-1.8630060791378122,10.582065027129287,0,False,True,False
-0.6144655521492863,-0.3475669556127382,7.648158045230178,0.49644145424631264,10.613486389494224,0,False,True,False
-0.6144655521492863,-0.27881805229505985,-15.759411697409657,-0.5884830811937094,10.644907751859161,0,False,False,True
-0.6144655521492863,-0.27881805229505985,5.747614756576407,0.022445297986108937,10.692039795406568,0,True,False,False
-0.6144655521492863,-0.3475669556127382,35.2288329923953,-0.7570150478640042,10.770593201318912,0,False,True,False
-0.6144655521492863,-0.3475669556127382,17.10968407974496,0.8545718834206886,10.80201456368385,0,False,True,False
-0.5634695978491128,-0.2100691489774206,17.4219984309205,0.9072381230051556,10.833435926048788,0,True,False,False
-0.5634695978491128,-0.27881805229505985,35.97011398030395,1.6129657334370138,10.91198933196113,0,False,False,True
-0.5634695978491128,-0.3475669556127382,16.855724196501043,-0.9360802624511917,10.959121375508538,0,False,True,False
-0.6144655521492863,-0.41631585893041656,7.229610170931505,1.4865667584342934,10.990542737873476,0,False,True,False
-0.6144655521492863,-0.4850647622480557,8.798632985912068,-0.5147503457754552,11.021964100238414,0,False,False,True
-0.6144655521492863,-0.4850647622480557,-11.265032656683143,0.7492394042517544,11.069096143785819,0,False,True,False
-0.6654615064494889,-0.5538136655657341,-14.213198227133995,0.5069747021632055,11.100517506150757,0,False,True,False
-0.6654615064494889,-0.5538136655657341,-10.015898095718336,-0.9044805187005117,11.131938868515695,0,False,True,False
-0.6654615064494889,-0.5538136655657341,23.796479654720585,0.24364350424087003,11.163360230880633,0,True,False,False
-0.6654615064494889,-0.5538136655657341,17.747032600302905,0.9388378667558356,11.241913636792976,0,False,False,True
-0.6654615064494889,-0.4850647622480557,-14.556779412189604,0.5596409417476725,11.289045680340383,0,True,False,False
-0.6654615064494889,-0.5538136655657341,13.378810665543844,0.6017739334152468,11.367599086252726,0,False,False,True
-0.7164574607496625,-0.6225625688833734,-23.213943766804622,-0.4515508582740945,11.414731129800133,0,False,True,False
-0.6654615064494889,-0.6225625688833734,-0.09442860905557582,1.002037354257196,11.446152492165071,0,False,False,True
-0.7164574607496625,-0.6225625688833734,4.6706824176872725,-0.2830188916038005,11.493284535712476,0,False,False,True
-0.7164574607496625,-0.6225625688833734,13.613175972015869,0.33844273549291143,11.540416579259883,0,False,False,True
-0.7164574607496625,-0.6913114722010516,-3.7756130424748906,0.812438891753115,8.30401625567131,0,False,True,False
-0.6654615064494889,-0.6225625688833734,-14.695617371111439,-0.767548295780897,8.335437618036249,0,False,True,False
-0.7164574607496625,-0.6913114722010516,-8.673908889401167,0.6333736771659267,8.366858980401187,0,False,True,False
-0.7164574607496625,-0.6913114722010516,11.535418284756865,0.08564478548746891,8.398280342766125,0,False,False,True
-0.7164574607496625,-0.76006037551873,-5.362068910453167,1.9816294105282837,8.44541238631353,0,False,True,False
-0.7674534150498651,-0.8288092788363692,-14.961439188015696,-0.9887465020356588,8.476833748678468,0,False,True,False
-0.7674534150498651,-0.8288092788363692,-11.261775654687241,-1.094078981204593,8.508255111043406,0,False,True,False
-0.7674534150498651,-0.8975581821540476,12.3207535715837,-1.2310112041242074,8.539676473408342,0,False,False,True
-0.7674534150498651,-0.8288092788363692,-8.038682794032987,-0.5358168416092424,8.586808516955749,0,False,False,True
-0.7674534150498651,-0.8288092788363692,24.365238770963373,-0.4199511145234146,8.633940560503156,0,False,False,True
-0.8184493693500677,-0.8288092788363692,1.6959371158451217,1.7604312042735222,8.681072604050563,0,False,True,False
-0.7674534150498651,-0.8288092788363692,10.367160581330763,1.9710961626113903,8.712493966415499,0,False,True,False
-0.7674534150498651,-0.8975581821540476,0.9446557351612295,0.41217547091116485,8.743915328780437,0,True,False,False
-0.7674534150498651,-0.8975581821540476,7.432629037817145,0.896704875088262,8.82246873469278,0,False,False,True
-0.7164574607496625,-0.8288092788363692,-14.58345125786556,-0.09342042909971857,8.869600778240187,0,True,False,False
-0.7674534150498651,-0.8975581821540476,-35.08368176359872,-0.7043488082795372,8.948154184152532,0,False,False,True
-0.7674534150498651,-0.9663070854716869,12.73187486035854,1.5181665021849733,8.995286227699937,0,False,False,True
-0.7674534150498651,-0.8975581821540476,12.136255503836486,0.7703059000855408,9.042418271247344,0,False,False,True
-0.7674534150498651,-0.9663070854716869,49.13117996165189,-2.0842042853925737,9.089550314794751,0,False,False,True
-0.7674534150498651,-0.9663070854716869,-25.750729005090108,-0.325151883271374,9.136682358342156,0,False,True,False
-0.8184493693500677,-1.0350559887893651,-7.9431189264594115,-1.3258104353762483,9.168103720707094,0,False,False,True
-0.8184493693500677,-1.1038048921070434,33.97063572877645,-0.08288718118282508,9.215235764254501,0,True,False,False
-0.8694453236502413,-1.1725537954246823,-8.613522296224833,0.5807074375814596,9.293789170166844,0,False,True,False
-0.8694453236502413,-1.1725537954246823,-43.70050796200037,0.7281729084179673,9.325210532531782,0,False,True,False
-0.8694453236502413,-1.241302698742361,-4.865749044268382,-1.220477956207314,9.35663189489672,0,False,True,False
-0.8694453236502413,-1.1725537954246823,26.4343250592802,-0.7991480395315776,9.388053257261658,0,False,True,False
-0.8694453236502413,-1.241302698742361,-45.44555477399518,0.45430846257873836,9.419474619626595,0,False,True,False
-0.8184493693500677,-1.1725537954246823,2.1463850165042206,0.896704875088262,9.450895981991533,0,False,True,False
-0.8694453236502413,-1.241302698742361,-8.720069111218573,-0.71488205619643,9.48231734435647,0,True,False,False
-0.8694453236502413,-1.31005160206,-43.22248040496114,0.6439069250828203,9.560870750268815,0,False,True,False
-0.8694453236502413,-1.31005160206,21.146763781376606,-0.6411493207781764,9.592292112633752,0,False,True,False
-0.8694453236502413,-1.31005160206,-22.44468866386113,-2.863664631242686,9.62371347499869,0,True,False,False
-0.8694453236502413,-1.31005160206,-4.950858903333636,-1.1994114603735269,9.702266880911035,0,False,False,True
-0.8184493693500677,-1.31005160206,42.106126754454586,0.42270871882805844,9.74939892445844,0,False,True,False
-0.8184493693500677,-1.31005160206,-19.413998287468104,1.1389695771768102,9.780820286823378,0,False,True,False
-0.8694453236502413,-1.3788005053776784,-10.753090270703932,-1.4732759062127558,9.812241649188316,0,False,False,True
-0.8694453236502413,-1.4475494086953566,-7.319669336850304,0.8229721396700078,9.859373692735723,0,False,True,False
-0.8694453236502413,-1.3788005053776784,-14.017354923876658,-0.23035265201933344,9.890795055100659,0,False,True,False
-0.8694453236502413,-1.4475494086953566,8.526950043743739,0.2120437604901901,9.922216417465597,0,False,True,False
-0.920441277950444,-1.4475494086953566,3.710963074265848,-0.35675162702205393,9.953637779830535,0,False,False,True
-0.920441277950444,-1.516298312012996,27.416279951210086,-1.5680751374647965,10.000769823377942,0,False,True,False
-0.920441277950444,-1.516298312012996,13.901275525294574,1.4128340230160392,10.032191185742878,0,False,False,True
-0.9714372322506176,-1.516298312012996,-20.520626433888896,1.4865667584342934,10.079323229290285,0,False,True,False
-0.920441277950444,-1.516298312012996,-8.30129688078648,2.044828898029644,10.110744591655223,0,False,True,False
-0.920441277950444,-1.516298312012996,-27.697115631602973,0.7281729084179673,10.142165954020161,0,False,True,False
-0.9714372322506176,-1.516298312012996,48.01493549138739,-0.4936838499416688,10.173587316385097,0,False,True,False
-0.9714372322506176,-1.4475494086953566,34.84957668102829,0.29630974382533715,10.205008678750035,0,False,False,True
-0.920441277950444,-1.4475494086953566,7.160097795721696,-0.12502017285039935,10.252140722297442,0,False,False,True
-0.920441277950444,-1.516298312012996,13.840285979982351,-0.5779498332768158,10.299272765844847,0,False,False,True
-0.9714372322506176,-1.516298312012996,18.00030011187141,-0.735948552030217,10.346404809392254,0,False,True,False
-0.9714372322506176,-1.516298312012996,-9.246658698464913,-0.43048436244030813,10.377826171757192,0,False,False,True
-0.9714372322506176,-1.516298312012996,-16.58823141874892,0.9599043625896226,10.4249582153046,0,False,True,False
-0.920441277950444,-1.516298312012996,-22.477976361578285,-0.5252835936923488,10.456379577669535,0,False,True,False
-0.920441277950444,-1.4475494086953566,-31.50924145039683,1.5708327417694403,10.487800940034473,0,False,True,False
-0.920441277950444,-1.4475494086953566,16.60276000551279,0.9915041063403026,10.519222302399411,0,False,True,False
-0.8694453236502413,-1.4475494086953566,-27.114211782760037,-0.009154445764571625,10.55064366476435,0,False,True,False
-0.8694453236502413,-1.4475494086953566,-7.487860787848838,-1.4206096666282888,10.582065027129287,0,False,True,False
-0.8694453236502413,-1.4475494086953566,-0.338082420965754,-1.167811716622847,10.613486389494224,0,False,True,False
-0.8694453236502413,-1.4475494086953566,-15.281817276490973,0.12777777715504315,10.644907751859161,0,False,True,False
-0.8694453236502413,-1.4475494086953566,-9.570523003827509,-0.7991480395315776,10.6763291142241,0,False,False,True
-0.8184493693500677,-1.3788005053776784,31.544163014458473,-0.7991480395315776,10.723461157771506,0,False,True,False
-0.8184493693500677,-1.31005160206,-3.2909896321025496,1.0547035938416633,10.754882520136443,0,False,True,False
-0.8184493693500677,-1.31005160206,-7.088049516610399,-1.6102081291323704,10.78630388250138,0,True,False,False
-0.7674534150498651,-1.241302698742361,-3.2110752129265903,0.48590820632941906,10.864857288413726,0,True,False,False
-0.7164574607496625,-1.241302698742361,-9.834057226728154,1.202169064678171,10.943410694326069,0,False,True,False
-0.7674534150498651,-1.241302698742361,10.278131256140428,0.05404504173678897,10.974832056691007,0,False,True,False
-0.7164574607496625,-1.241302698742361,-23.487502356928488,2.9717547147162646,11.006253419055945,1,False,True,False
-0.7164574607496625,-1.1725537954246823,35.363168078544774,-0.6200828249443893,11.037674781420883,0,False,False,True
-0.7164574607496625,-1.241302698742361,-0.6298680928875737,-1.4416761624620755,11.084806824968288,0,False,True,False
-0.7164574607496625,-1.1725537954246823,-0.15780906573036013,0.04351179381989538,11.116228187333226,0,False,True,False
-0.7164574607496625,-1.1725537954246823,7.847602156238194,1.275901800096425,11.147649549698164,0,True,False,False
-0.7674534150498651,-1.1725537954246823,19.362543829972516,1.0336370980078762,11.226202955610507,0,False,True,False
-0.7164574607496625,-1.1038048921070434,-35.030033208768586,-0.35675162702205393,11.257624317975445,0,False,True,False
-0.6654615064494889,-1.0350559887893651,-1.0026055055994931,0.7387061563348608,11.289045680340383,0,False,True,False
-0.6654615064494889,-1.1038048921070434,27.335310461112723,0.6017739334152468,11.320467042705321,0,False,False,True
-0.6654615064494889,-1.1038048921070434,-6.3679203664415045,-1.188878212456634,11.367599086252726,0,False,True,False
-0.6654615064494889,-1.1038048921070434,39.619025646806136,0.29630974382533715,11.399020448617664,0,True,False,False
-0.6654615064494889,-1.0350559887893651,-17.617342107683246,-0.46208410619098805,11.477573854530009,0,True,False,False
-0.6144655521492863,-0.9663070854716869,19.594627162409257,0.24364350424087003,11.556127260442352,0,False,False,True
-0.6144655521492863,-0.9663070854716869,-31.40880190930061,-0.3040853874375869,11.60325930398976,0,False,False,True
-0.5634695978491128,-0.9663070854716869,-3.9128838484682698,-1.6734076166337306,11.650391347537164,0,False,True,False
-0.6144655521492863,-1.0350559887893651,-2.494394969735087,-0.71488205619643,8.30401625567131,0,False,False,True
-0.6144655521492863,-1.0350559887893651,22.873758820333666,-0.39888461868962743,8.351148299218718,0,False,True,False
-0.5634695978491128,-1.1038048921070434,-3.523706233024428,-1.4627426582958625,8.382569661583656,0,False,False,True
-0.6144655521492863,-1.1038048921070434,25.851444040959958,-0.08288718118282508,8.42970170513106,0,False,True,False
-0.6144655521492863,-1.1038048921070434,23.4046820876746,0.7703059000855408,8.461123067495999,0,False,True,False
-0.6144655521492863,-1.1725537954246823,-0.6019678920994861,-1.2731441957917813,8.492544429860937,0,False,True,False
-0.6144655521492863,-1.1038048921070434,35.89286248578874,-1.1046122291214864,8.523965792225873,0,False,False,True
-0.5634695978491128,-1.1038048921070434,16.478754895310786,-0.8623475270329378,8.57109783577328,0,True,False,False
-0.5124736435489101,-0.9663070854716869,-45.94633584281742,-0.6938155603626435,8.649651241685625,0,False,False,True
-0.5124736435489101,-0.8975581821540476,-2.6843277813102233,0.896704875088262,8.696783285233032,0,True,False,False
-0.5124736435489101,-0.8975581821540476,-19.67847043149675,0.022445297986108937,8.775336691145375,0,False,False,True
